-- phpMyAdmin SQL Dump
-- version 4.2.12deb2+deb8u1build0.15.04.1
-- http://www.phpmyadmin.net
--
-- Host: localhost
-- Generation Time: Feb 20, 2017 at 03:56 PM
-- Server version: 5.6.28-0ubuntu0.15.04.1
-- PHP Version: 5.6.4-4ubuntu6.4

SET SQL_MODE = "NO_AUTO_VALUE_ON_ZERO";
SET time_zone = "+00:00";


/*!40101 SET @OLD_CHARACTER_SET_CLIENT=@@CHARACTER_SET_CLIENT */;
/*!40101 SET @OLD_CHARACTER_SET_RESULTS=@@CHARACTER_SET_RESULTS */;
/*!40101 SET @OLD_COLLATION_CONNECTION=@@COLLATION_CONNECTION */;
/*!40101 SET NAMES utf8 */;

--
-- Database: `pix`
--

-- --------------------------------------------------------

--
-- Table structure for table `add_note`
--

CREATE TABLE IF NOT EXISTS `add_note` (
`id` int(11) NOT NULL,
  `note_title` varchar(100) DEFAULT NULL,
  `note_description` varchar(255) NOT NULL,
  `status` varchar(2) NOT NULL,
  `created_by` bigint(20) NOT NULL,
  `created_on` varchar(255) NOT NULL
) ENGINE=InnoDB AUTO_INCREMENT=11 DEFAULT CHARSET=latin1;

--
-- Dumping data for table `add_note`
--

INSERT INTO `add_note` (`id`, `note_title`, `note_description`, `status`, `created_by`, `created_on`) VALUES
(1, 'Note', 'dvdvdv vrvdvf', '1', 1, '1484915388'),
(2, 'Note', 'asdfghjmkjhgfdsc dcdcasdfghjmngfdsasdfghjm nbvcsdfghjm vcdrfghjmnbvsdfghjkjhgfdsasfghjmmnbcxzxcv nmnbvssdfghmhgfdsasdfghjkjytrewertyuiuytrewedfhjmnbfdsdfgh', '1', 1, '1484916152'),
(3, 'Note', 'hello ', '1', 1, '1484919084'),
(4, 'Note', 'hello ', '1', 1, '1484919186'),
(5, 'Note', 'scscscc', '1', 1, '1484919630'),
(6, 'Note', 'DJ Test 1', '1', 5, '1484990133'),
(7, 'Note', 'defeffeefeffrf', '2', 5, '1485005652'),
(8, 'Note', 'DJ Test 2', '1', 5, '1485061644'),
(9, 'Note', 'Qwertyfjvchh', '2', 5, '1485073962'),
(10, 'Note', 'Hiiiiii....PrizPix admin', '1', 2, '1485346851');

-- --------------------------------------------------------

--
-- Table structure for table `add_plan`
--

CREATE TABLE IF NOT EXISTS `add_plan` (
`id` int(11) NOT NULL,
  `plan_name` varchar(255) NOT NULL,
  `no_of_images` bigint(20) NOT NULL,
  `price` bigint(20) NOT NULL,
  `currency` varchar(10) NOT NULL,
  `status` varchar(2) NOT NULL,
  `created_by` bigint(20) NOT NULL,
  `created_on` varchar(255) NOT NULL
) ENGINE=InnoDB AUTO_INCREMENT=7 DEFAULT CHARSET=latin1;

--
-- Dumping data for table `add_plan`
--

INSERT INTO `add_plan` (`id`, `plan_name`, `no_of_images`, `price`, `currency`, `status`, `created_by`, `created_on`) VALUES
(1, 'Premium plan', 15, 321, 'USD', '2', 1, '1485232982'),
(2, 'Card plan', 50, 2000, 'USD', '1', 1, '1485501734'),
(4, 'Classic plan', 20, 1500, 'USD', '1', 2, '1485330063'),
(5, 'Qwerty', 100, 20000, 'USD', '1', 1, '1485330087'),
(6, 'Classic plan', 50, 2000, 'USD', '2', 1, '1485501734');

-- --------------------------------------------------------

--
-- Table structure for table `assets`
--

CREATE TABLE IF NOT EXISTS `assets` (
`id` int(11) NOT NULL,
  `order_id` bigint(20) NOT NULL,
  `file_original_name` varchar(255) NOT NULL,
  `url` varchar(255) NOT NULL,
  `media_type` int(1) NOT NULL COMMENT '1-image,2-video',
  `status` int(1) NOT NULL,
  `created_by` bigint(20) NOT NULL,
  `created_on` varchar(255) NOT NULL
) ENGINE=InnoDB AUTO_INCREMENT=6 DEFAULT CHARSET=utf8mb4;

--
-- Dumping data for table `assets`
--

INSERT INTO `assets` (`id`, `order_id`, `file_original_name`, `url`, `media_type`, `status`, `created_by`, `created_on`) VALUES
(1, 1, 'IMG-20170122-WA0001.jpg', '5888fc7277814.jpg', 1, 1, 5, '1485372530'),
(2, 1, 'IMG-20170121-WA0026.jpg', '5888fc72e4863.jpg', 1, 1, 5, '1485372530'),
(3, 2, 'image1485267576348.png', '5889025e4e4e6.png', 1, 1, 5, '1485374046'),
(4, 2, 'IMG-20170122-WA0004.jpg', '5889025eae942.jpg', 1, 1, 5, '1485374046'),
(5, 3, 'IMG-20170131-WA0002.jpg', '58907f9e6320d.jpg', 1, 1, 2, '1485864862');

-- --------------------------------------------------------

--
-- Table structure for table `images_order_details`
--

CREATE TABLE IF NOT EXISTS `images_order_details` (
`id` int(11) NOT NULL,
  `user_id` bigint(20) NOT NULL,
  `order_no` varchar(50) NOT NULL,
  `count` bigint(20) NOT NULL,
  `status` int(1) NOT NULL,
  `created_on` varchar(255) NOT NULL
) ENGINE=InnoDB AUTO_INCREMENT=4 DEFAULT CHARSET=latin1;

--
-- Dumping data for table `images_order_details`
--

INSERT INTO `images_order_details` (`id`, `user_id`, `order_no`, `count`, `status`, `created_on`) VALUES
(1, 5, 'ODI762753', 2, 1, '1485372530'),
(2, 5, 'ODI850946', 2, 1, '1485374046'),
(3, 2, 'ODI396797', 1, 1, '1485864862');

-- --------------------------------------------------------

--
-- Table structure for table `order_details`
--

CREATE TABLE IF NOT EXISTS `order_details` (
`id` int(11) NOT NULL,
  `user_id` bigint(20) NOT NULL,
  `plan_id` bigint(20) NOT NULL,
  `amount` varchar(255) NOT NULL,
  `order_no` varchar(255) NOT NULL,
  `status` varchar(2) NOT NULL,
  `created_on` varchar(255) NOT NULL
) ENGINE=InnoDB AUTO_INCREMENT=20 DEFAULT CHARSET=latin1;

--
-- Dumping data for table `order_details`
--

INSERT INTO `order_details` (`id`, `user_id`, `plan_id`, `amount`, `order_no`, `status`, `created_on`) VALUES
(1, 2, 1, '321', 'OD191901', '2', '1485348738'),
(2, 5, 4, '1500', 'OD405028', '1', '1485372510'),
(3, 6, 4, '1500', 'OD885707', '1', '1485607589'),
(4, 6, 4, '1500', 'OD113400', '1', '1485608045'),
(5, 6, 1, '321', 'OD959393', '1', '1485608356'),
(6, 6, 4, '1500', 'OD277741', '1', '1485608454'),
(7, 6, 4, '1500', 'OD380591', '1', '1485608661'),
(8, 6, 4, '1500', 'OD718601', '1', '1485608857'),
(9, 6, 4, '1500', 'OD656068', '1', '1485609177'),
(10, 6, 4, '1500', 'OD900303', '1', '1485609301'),
(11, 6, 4, '1500', 'OD962174', '1', '1485609341'),
(12, 6, 4, '1500', 'OD267333', '1', '1485609343'),
(13, 6, 6, '2000', 'OD175049', '1', '1485609381'),
(14, 6, 4, '1500', 'OD648180', '1', '1485752892'),
(15, 2, 4, '1500', 'OD292936', '1', '1485767925'),
(16, 2, 4, '1500', 'OD74591', '1', '1485767954'),
(17, 2, 1, '321', 'OD983884', '1', '1485865124'),
(18, 2, 1, '321', 'OD436696', '1', '1485865176'),
(19, 2, 1, '321', 'OD153128', '1', '1485865262');

-- --------------------------------------------------------

--
-- Table structure for table `session`
--

CREATE TABLE IF NOT EXISTS `session` (
`id` int(11) NOT NULL,
  `user_id` int(11) NOT NULL,
  `session` varchar(255) CHARACTER SET utf8mb4 NOT NULL,
  `device_type` int(1) NOT NULL,
  `device_id` varchar(255) CHARACTER SET utf8mb4 NOT NULL,
  `is_login` int(1) NOT NULL DEFAULT '0' COMMENT '1-login,2-logout',
  `status` int(1) NOT NULL DEFAULT '0',
  `created_by` bigint(20) NOT NULL DEFAULT '0',
  `created_on` varchar(255) CHARACTER SET utf8mb4 NOT NULL DEFAULT '0',
  `updated_by` bigint(20) NOT NULL DEFAULT '0',
  `updated_on` varchar(255) CHARACTER SET utf8mb4 NOT NULL DEFAULT '0'
) ENGINE=InnoDB AUTO_INCREMENT=6 DEFAULT CHARSET=latin1;

--
-- Dumping data for table `session`
--

INSERT INTO `session` (`id`, `user_id`, `session`, `device_type`, `device_id`, `is_login`, `status`, `created_by`, `created_on`, `updated_by`, `updated_on`) VALUES
(5, 2, '128fweskshxzwjribuwxujadmfsmgcvrqrq528', 1, '1', 1, 1, 0, '0', 0, '0');

-- --------------------------------------------------------

--
-- Table structure for table `store_posts`
--

CREATE TABLE IF NOT EXISTS `store_posts` (
`id` bigint(20) NOT NULL,
  `module_name` varchar(50) CHARACTER SET utf8mb4 DEFAULT NULL COMMENT 'module name from which request is received',
  `type_of_request` varchar(30) CHARACTER SET utf8mb4 DEFAULT NULL COMMENT 'request type get, post, delete',
  `request_content` longtext CHARACTER SET utf8mb4 COMMENT 'this will store the request data',
  `created_on` datetime DEFAULT NULL COMMENT 'hold current timestamp',
  `created_by` bigint(20) DEFAULT '0' COMMENT 'hold user id'
) ENGINE=InnoDB AUTO_INCREMENT=1297 DEFAULT CHARSET=latin1;

--
-- Dumping data for table `store_posts`
--

INSERT INTO `store_posts` (`id`, `module_name`, `type_of_request`, `request_content`, `created_on`, `created_by`) VALUES
(1, 'userModule - logout API ', 'POST', '{"email":"jaindigvijay@gmail.com","option":"signupEmail","deviceType":"2","deviceId":"dabb60d0add032b5"}', '2017-01-25 12:01:41', NULL),
(2, 'usersModule - login API ', 'POST', '{"answer1":"we","answer2":"we","billingAddressLabel":"rfff","city":"aa","country":"MEXICO","deviceId":"122","deviceType":"1","email":"admin@mailinator.com","firstName":"aa","lastName":"aa","option":"signup","password":"123456","password2":"123456","postalcode":"aa","primaryAddress":"aa","secondaryAddress":"aa","secondaryEmail":"aaazaaa@aa.com","securityPin":"aaaaa","securityPinVerify":"aaaaa","securityQuestion1":"we","securityQuestion2":"we","state":"aa","transactionPin":"0","billingAddressPrimary":"ffdff","billingAddressSecondary":"ffgrg","billingCity":"3e3we3","billingState":"dwdwdwd","billingPostalCode":"dcefef","billingCountry":"ddddd"}', '2017-01-25 12:01:42', NULL),
(3, 'userModule - logout API ', 'POST', '{"email":"hsdh@dnf.com","option":"signupEmail","deviceType":"2","deviceId":"dabb60d0add032b5"}', '2017-01-25 12:01:45', NULL),
(4, 'usersModule - login API ', 'POST', '{"deviceId":"1","deviceType":"1","email":"a@a.com","option":"login","password":"qwert"}', '2017-01-25 12:01:49', NULL),
(5, 'userModule - logout API ', 'POST', '{"email":"dhhdh@nddj.com","option":"signupEmail","deviceType":"2","deviceId":"dabb60d0add032b5"}', '2017-01-25 12:01:49', NULL),
(6, 'userModule - logout API ', 'POST', '{"deviceId":"1","deviceType":"1","email":"a@a.com","option":"signupEmail"}', '2017-01-25 12:01:50', NULL),
(7, 'usersModule - login API ', 'POST', '{"answer1":"test","answer2":"as","billingAddressLabel":"a","billingAddressPrimary":"a","billingAddressSecondary":"a","billingCity":"a","billingCountry":"USA","billingPostalCode":"a","billingState":"a","city":"a","country":"USA","deviceId":"1","deviceType":"1","email":"a@a.com","firstName":"Ajeet","lastName":"Ajeet","option":"signup","password":"qwerty","password2":"qwerty","postalcode":"a","primaryAddress":"a","secondaryAddress":"a","secondaryEmail":"a@a.com","securityPin":"a","securityPinVerify":"a","securityQuestion1":"What is your pet name","securityQuestion2":"What is your first mobile number","state":"a","transactionPin":"0"}', '2017-01-25 12:01:51', NULL),
(8, 'usersModule - login API ', 'POST', '{"option":"imageCount","sessionToken":"317iitkecpqpusysxpfhcsgdpyfmxtlnemg354","userId":"2"}', '2017-01-25 12:01:51', 2),
(9, 'usersModule - login API ', 'POST', '{"deviceId":"1","deviceType":"1","option":"plansDetails","sessionToken":"317iitkecpqpusysxpfhcsgdpyfmxtlnemg354","userId":"2"}', '2017-01-25 12:01:51', 2),
(10, 'usersModule - login API ', 'POST', '{"amount":"321","currency":"USD","description":"","deviceId":"1","deviceType":"1","option":"paymenttostripe","planId":"1","sessionToken":"317iitkecpqpusysxpfhcsgdpyfmxtlnemg354","stripeToken":"tok_19fqG5BZMRlMI3U4SPuuJyS3","userId":"2"}', '2017-01-25 12:01:52', 2),
(11, 'usersModule - login API ', 'POST', '{"option":"imageCount","sessionToken":"317iitkecpqpusysxpfhcsgdpyfmxtlnemg354","userId":"2"}', '2017-01-25 12:01:52', 2),
(12, 'userModule - logout API ', 'POST', '{"email":"dhfh@fjcj.com","option":"signupEmail","deviceType":"2","deviceId":"dabb60d0add032b5"}', '2017-01-25 12:01:54', NULL),
(13, 'usersModule - login API ', 'POST', '{"deviceId":"1","deviceType":"1","email":"a@a.com","option":"login","password":"qwerty"}', '2017-01-25 12:01:54', NULL),
(14, 'usersModule - login API ', 'POST', '{"option":"imageCount","sessionToken":"544heqhapiolxkldmwbjyoslqikknotwvvg139","userId":"2"}', '2017-01-25 12:01:54', 2),
(15, 'usersModule - login API ', 'POST', '{"option":"imageCount","sessionToken":"544heqhapiolxkldmwbjyoslqikknotwvvg139","userId":"2"}', '2017-01-25 12:01:55', 2),
(16, 'usersModule - login API ', 'POST', '{"option":"imageCount","sessionToken":"544heqhapiolxkldmwbjyoslqikknotwvvg139","userId":"2"}', '2017-01-25 12:01:56', 2),
(17, 'usersModule - login API ', 'POST', '{"option":"imageCount","sessionToken":"544heqhapiolxkldmwbjyoslqikknotwvvg139","userId":"2"}', '2017-01-25 12:01:56', 2),
(18, 'usersModule - login API ', 'POST', '{"option":"imageCount","sessionToken":"544heqhapiolxkldmwbjyoslqikknotwvvg139","userId":"2"}', '2017-01-25 12:01:58', 2),
(19, 'userModule - logout API ', 'POST', '{"email":"shhd@djfj.com","option":"signupEmail","deviceType":"2","deviceId":"dabb60d0add032b5"}', '2017-01-25 01:01:04', NULL),
(20, 'userModule - logout API ', 'POST', '{"email":"jddj@fjfj.com","option":"signupEmail","deviceType":"2","deviceId":"dabb60d0add032b5"}', '2017-01-25 01:01:13', NULL),
(21, 'userModule - logout API ', 'POST', '{"email":"dhhdj@fjjf.com","option":"signupEmail","deviceType":"2","deviceId":"dabb60d0add032b5"}', '2017-01-25 01:01:17', NULL),
(22, 'userModule - logout API ', 'POST', '{"email":"ehhd@fjjf.com","option":"signupEmail","deviceType":"2","deviceId":"dabb60d0add032b5"}', '2017-01-25 01:01:18', NULL),
(23, 'usersModule - login API ', 'POST', '{"option":"imageCount","sessionToken":"544heqhapiolxkldmwbjyoslqikknotwvvg139","userId":"2"}', '2017-01-25 01:01:29', 2),
(24, 'userModule - logout API ', 'POST', '{"email":"xhdh@djfj.com","option":"signupEmail","deviceType":"2","deviceId":"dabb60d0add032b5"}', '2017-01-25 01:01:35', NULL),
(25, 'userModule - logout API ', 'POST', '{"email":"dhhd@fjfj.com","option":"signupEmail","deviceType":"2","deviceId":"dabb60d0add032b5"}', '2017-01-25 01:01:37', NULL),
(26, 'usersModule - login API ', 'POST', '{"option":"imageCount","sessionToken":"544heqhapiolxkldmwbjyoslqikknotwvvg139","userId":"2"}', '2017-01-25 01:01:37', 2),
(27, 'usersModule - login API ', 'POST', '{"option":"imageCount","sessionToken":"544heqhapiolxkldmwbjyoslqikknotwvvg139","userId":"2"}', '2017-01-25 01:01:37', 2),
(28, 'usersModule - login API ', 'POST', '{"option":"imageCount","sessionToken":"544heqhapiolxkldmwbjyoslqikknotwvvg139","userId":"2"}', '2017-01-25 01:01:39', 2),
(29, 'userModule - logout API ', 'POST', '{"email":"dbjd@fjfj.com","option":"signupEmail","deviceType":"2","deviceId":"dabb60d0add032b5"}', '2017-01-25 01:01:46', NULL),
(30, 'usersModule - login API ', 'POST', '{"option":"imageCount","sessionToken":"544heqhapiolxkldmwbjyoslqikknotwvvg139","userId":"2"}', '2017-01-25 01:01:47', 2),
(31, 'userModule - logout API ', 'POST', '{"deviceId":"780fd0e9991d7d58","deviceType":"2","option":"signupEmail","email":"gggg@hjj.com"}', '2017-01-25 03:01:47', NULL),
(32, 'userModule - logout API ', 'POST', '{"deviceId":"780fd0e9991d7d58","deviceType":"2","option":"signupEmail","email":"uhhh@hhh.com"}', '2017-01-25 03:01:57', NULL),
(33, 'userModule - logout API ', 'POST', '{"deviceId":"780fd0e9991d7d58","deviceType":"2","option":"signupEmail","email":"hi@hi.com"}', '2017-01-25 04:01:02', NULL),
(34, 'usersModule - login API ', 'POST', '{"option":"signup","deviceId":"780fd0e9991d7d58","deviceType":"2","email":"hi@hi.com","password":"hi","password2":"hi","firstName":"hhhjju","lastName":"gg","primaryAddress":"gg","secondaryAddress":"gggg","city":"gg","state":"gg","postalcode":"gg","country":"USA","transactionPin":"1","billingAddressLabel":"1","billingAddressPrimary":"jjjjf","billingAddressSecondary":"kfk","billingCity":"jjjj","billingState":"hhh","billingPostalCode":"gh","billingCountry":"USA","securityPin":"ll","securityPinVerify":"ll","secondaryEmail":"jhhu@jj.com","securityQuestion1":"What is your nick name","answer1":"hhhh","securityQuestion2":"What is your first pet name","answer2":"jjjj"}', '2017-01-25 04:01:03', NULL),
(35, 'usersModule - login API ', 'POST', '{"deviceId":"780fd0e9991d7d58","deviceType":"2","option":"imageCount","sessionToken":"527lzorbnegsijelexjyqncudshxwlreuxw156","userId":"3"}', '2017-01-25 04:01:03', 3),
(36, 'loginModule - forgetPwd API ', 'POST', '{"deviceId":"780fd0e9991d7d58","deviceType":"2","option":"userProfile","sessionToken":"527lzorbnegsijelexjyqncudshxwlreuxw156","userId":"3"}', '2017-01-25 04:01:03', 3),
(37, 'loginModule - forgetPwd API ', 'POST', '{"deviceId":"780fd0e9991d7d58","deviceType":"2","option":"userProfile","sessionToken":"527lzorbnegsijelexjyqncudshxwlreuxw156","userId":"3"}', '2017-01-25 04:01:03', 3),
(38, 'loginModule - forgetPwd API ', 'POST', '{"deviceId":"780fd0e9991d7d58","deviceType":"2","option":"userProfile","sessionToken":"527lzorbnegsijelexjyqncudshxwlreuxw156","userId":"3"}', '2017-01-25 04:01:04', 3),
(39, 'userModule - logout API ', 'POST', '{"deviceId":"780fd0e9991d7d58","deviceType":"2","option":"signupEmail","email":"dilip@gmail.com"}', '2017-01-25 04:01:05', NULL),
(40, 'usersModule - login API ', 'POST', '{"option":"signup","deviceId":"780fd0e9991d7d58","deviceType":"2","email":"dilip@gmail.com","password":"dilip","password2":"dilip","firstName":"djdj","lastName":"dkkd","primaryAddress":"dmkd","secondaryAddress":"dkkd","city":"kdkd","state":"kdkd","postalcode":"kdkd","country":"USA","transactionPin":"1","billingAddressLabel":"1","billingAddressPrimary":"ejjd","billingAddressSecondary":"jddj","billingCity":"xjx","billingState":"djxn","billingPostalCode":"nxjx","billingCountry":"USA","securityPin":"l","securityPinVerify":"l","secondaryEmail":"kddjd@jdj.com","securityQuestion1":"What is your nick name","answer1":"mxmx","securityQuestion2":"What is your nick name","answer2":"xmkx"}', '2017-01-25 04:01:06', NULL),
(41, 'usersModule - login API ', 'POST', '{"deviceId":"780fd0e9991d7d58","deviceType":"2","option":"imageCount","sessionToken":"158hrcxqteflqivtxofaunrlubijxzwuqhh298","userId":"4"}', '2017-01-25 04:01:06', 4),
(42, 'loginModule - forgetPwd API ', 'POST', '{"deviceId":"780fd0e9991d7d58","deviceType":"2","option":"userProfile","sessionToken":"158hrcxqteflqivtxofaunrlubijxzwuqhh298","userId":"4"}', '2017-01-25 04:01:07', 4),
(43, 'loginModule - forgetPwd API ', 'POST', '{"deviceId":"780fd0e9991d7d58","deviceType":"2","option":"userProfile","sessionToken":"158hrcxqteflqivtxofaunrlubijxzwuqhh298","userId":"4"}', '2017-01-25 04:01:07', 4),
(44, 'usersModule - login API ', 'POST', '{"deviceId":"780fd0e9991d7d58","deviceType":"2","option":"imageCount","sessionToken":"158hrcxqteflqivtxofaunrlubijxzwuqhh298","userId":"4"}', '2017-01-25 04:01:18', 4),
(45, 'loginModule - forgetPwd API ', 'POST', '{"deviceId":"780fd0e9991d7d58","deviceType":"2","option":"userProfile","sessionToken":"158hrcxqteflqivtxofaunrlubijxzwuqhh298","userId":"4"}', '2017-01-25 04:01:18', 4),
(46, 'loginModule - forgetPwd API ', 'POST', '{"deviceId":"780fd0e9991d7d58","deviceType":"2","option":"userProfile","sessionToken":"158hrcxqteflqivtxofaunrlubijxzwuqhh298","userId":"4"}', '2017-01-25 04:01:18', 4),
(47, 'loginModule - forgetPwd API ', 'POST', '{"option":"updateProfile","deviceId":"780fd0e9991d7d58","deviceType":"2","sessionToken":"158hrcxqteflqivtxofaunrlubijxzwuqhh298","userId":"4","firstName":"djdj","lastName":"dkkd","primaryAddress":"dmkd","secondaryAddress":"dkkd","city":"kdkd","state":"kdkd","postalcode":"kdkd","country":"USA","transactionPin":"1","billingAddressLabel":"1","billingAddressPrimary":"ejjd","billingAddressSecondary":"jddj","billingCity":"xjx","billingState":"djxn","billingPostalCode":"nxjx","billingCountry":"USA","securityPin":"l","securityPinVerify":"l","secondaryEmail":"kddjd@jdj.com","securityQuestion1":"What is your nick name","answer1":"mxmx","securityQuestion2":"What is your nick name","answer2":"xmkx","phoneNumber":"0"}', '2017-01-25 04:01:19', 4),
(48, 'loginModule - forgetPwd API ', 'POST', '{"deviceId":"780fd0e9991d7d58","deviceType":"2","option":"userProfile","sessionToken":"158hrcxqteflqivtxofaunrlubijxzwuqhh298","userId":"4"}', '2017-01-25 04:01:19', 4),
(49, 'loginModule - forgetPwd API ', 'POST', '{"option":"updateProfile","deviceId":"780fd0e9991d7d58","deviceType":"2","sessionToken":"158hrcxqteflqivtxofaunrlubijxzwuqhh298","userId":"4","firstName":"djdj","lastName":"dkkd","primaryAddress":"dmkd","secondaryAddress":"dkkd","city":"kdkd","state":"kdkd","postalcode":"kdkd","country":"USA","transactionPin":"1","billingAddressLabel":"1","billingAddressPrimary":"ejjd","billingAddressSecondary":"jddj","billingCity":"xjx","billingState":"djxn","billingPostalCode":"nxjx","billingCountry":"USA","securityPin":"l","securityPinVerify":"l","secondaryEmail":"kddjd@jdj.com","securityQuestion1":"What is your nick name","answer1":"mxmx","securityQuestion2":"What is your nick name","answer2":"xmkx","phoneNumber":"0"}', '2017-01-25 04:01:19', 4),
(50, 'loginModule - forgetPwd API ', 'POST', '{"deviceId":"780fd0e9991d7d58","deviceType":"2","option":"userProfile","sessionToken":"158hrcxqteflqivtxofaunrlubijxzwuqhh298","userId":"4"}', '2017-01-25 04:01:19', 4),
(51, 'usersModule - login API ', 'POST', '{"deviceId":"780fd0e9991d7d58","deviceType":"2","option":"imageCount","sessionToken":"158hrcxqteflqivtxofaunrlubijxzwuqhh298","userId":"4"}', '2017-01-25 04:01:21', 4),
(52, 'loginModule - forgetPwd API ', 'POST', '{"deviceId":"780fd0e9991d7d58","deviceType":"2","option":"userProfile","sessionToken":"158hrcxqteflqivtxofaunrlubijxzwuqhh298","userId":"4"}', '2017-01-25 04:01:21', 4),
(53, 'loginModule - forgetPwd API ', 'POST', '{"deviceId":"780fd0e9991d7d58","deviceType":"2","option":"userProfile","sessionToken":"158hrcxqteflqivtxofaunrlubijxzwuqhh298","userId":"4"}', '2017-01-25 04:01:21', 4),
(54, 'loginModule - forgetPwd API ', 'POST', '{"option":"updateProfile","deviceId":"780fd0e9991d7d58","deviceType":"2","sessionToken":"158hrcxqteflqivtxofaunrlubijxzwuqhh298","userId":"4","firstName":"djdj","lastName":"dkkd","primaryAddress":"dmkd","secondaryAddress":"dkkd","city":"kdkd","state":"kdkd","postalcode":"kdkd","country":"USA","transactionPin":"1","billingAddressLabel":"1","billingAddressPrimary":"ejjd","billingAddressSecondary":"jddj","billingCity":"xjx","billingState":"djxn","billingPostalCode":"nxjx","billingCountry":"USA","securityPin":"l","securityPinVerify":"l","secondaryEmail":"kddjd@jdj.com","securityQuestion1":"What is your nick name","answer1":"mxmx","securityQuestion2":"What is your nick name","answer2":"xmkx","phoneNumber":"0"}', '2017-01-25 04:01:21', 4),
(55, 'loginModule - forgetPwd API ', 'POST', '{"deviceId":"780fd0e9991d7d58","deviceType":"2","option":"userProfile","sessionToken":"158hrcxqteflqivtxofaunrlubijxzwuqhh298","userId":"4"}', '2017-01-25 04:01:21', 4),
(56, 'usersModule - login API ', 'POST', '{"deviceId":"780fd0e9991d7d58","deviceType":"2","option":"imageCount","sessionToken":"158hrcxqteflqivtxofaunrlubijxzwuqhh298","userId":"4"}', '2017-01-25 04:01:30', 4),
(57, 'usersModule - login API ', 'POST', '{"deviceId":"780fd0e9991d7d58","deviceType":"2","option":"imageCount","sessionToken":"158hrcxqteflqivtxofaunrlubijxzwuqhh298","userId":"4"}', '2017-01-25 04:01:30', 4),
(58, 'usersModule - login API ', 'POST', '{"deviceId":"780fd0e9991d7d58","deviceType":"2","option":"imageCount","sessionToken":"158hrcxqteflqivtxofaunrlubijxzwuqhh298","userId":"4"}', '2017-01-25 04:01:30', 4),
(59, 'usersModule - login API ', 'POST', '{"deviceId":"780fd0e9991d7d58","deviceType":"2","option":"imageCount","sessionToken":"158hrcxqteflqivtxofaunrlubijxzwuqhh298","userId":"4"}', '2017-01-25 04:01:30', 4),
(60, 'loginModule - forgetPwd API ', 'POST', '{"deviceId":"780fd0e9991d7d58","deviceType":"2","option":"userProfile","sessionToken":"158hrcxqteflqivtxofaunrlubijxzwuqhh298","userId":"4"}', '2017-01-25 04:01:34', 4),
(61, 'loginModule - forgetPwd API ', 'POST', '{"deviceId":"780fd0e9991d7d58","deviceType":"2","option":"userProfile","sessionToken":"158hrcxqteflqivtxofaunrlubijxzwuqhh298","userId":"4"}', '2017-01-25 04:01:34', 4),
(62, 'loginModule - forgetPwd API ', 'POST', '{"deviceId":"780fd0e9991d7d58","deviceType":"2","option":"userProfile","sessionToken":"158hrcxqteflqivtxofaunrlubijxzwuqhh298","userId":"4"}', '2017-01-25 04:01:47', 4),
(63, 'userModule - logout API ', 'POST', '{"email":"digvijay@inclusosol.com","option":"signupEmail","deviceType":"2","deviceId":"dabb60d0add032b5"}', '2017-01-25 07:01:25', NULL),
(64, 'usersModule - login API ', 'POST', '{"option":"signup","deviceId":"dabb60d0add032b5","deviceType":"2","email":"digvijay@inclusosol.com","password":"123456","password2":"123456","firstName":"Digvijay","lastName":"Jain","primaryAddress":"Arunima Palace","secondaryAddress":"Vasundhara","city":"Ghaziabad","state":"Uttaranchal ","postalcode":"205432","country":"Mexico","transactionPin":"1","billingAddressLabel":"1","billingAddressPrimary":"Arunima","billingAddressSecondary":"Palace","billingCity":"Ghaziabad","billingState":"Uttaranchal\\n","billingPostalCode":"234434","billingCountry":"Mexico","securityPin":"111111","securityPinVerify":"111111","secondaryEmail":"jaindigvijay@gmail.com","securityQuestion1":"What is your first pet name","answer1":"sss","securityQuestion2":"What is your nick name","answer2":"aaa"}', '2017-01-25 07:01:27', NULL),
(65, 'usersModule - login API ', 'POST', '{"sessionToken":"313fcwvaprmcziijmvjhmwabqnegihebpwp400","option":"imageCount","deviceType":"2","deviceId":"dabb60d0add032b5","userId":"5"}', '2017-01-25 07:01:27', 5),
(66, 'usersModule - login API ', 'POST', '{"sessionToken":"313fcwvaprmcziijmvjhmwabqnegihebpwp400","option":"imageCount","deviceType":"2","deviceId":"dabb60d0add032b5","userId":"5"}', '2017-01-25 07:01:28', 5),
(67, 'loginModule - forgetPwd API ', 'POST', '{"sessionToken":"313fcwvaprmcziijmvjhmwabqnegihebpwp400","option":"userProfile","deviceType":"2","deviceId":"dabb60d0add032b5","userId":"5"}', '2017-01-25 07:01:28', 5),
(68, 'loginModule - forgetPwd API ', 'POST', '{"sessionToken":"313fcwvaprmcziijmvjhmwabqnegihebpwp400","option":"userProfile","deviceType":"2","deviceId":"dabb60d0add032b5","userId":"5"}', '2017-01-25 07:01:28', 5),
(69, 'usersModule - login API ', 'POST', '{"sessionToken":"313fcwvaprmcziijmvjhmwabqnegihebpwp400","option":"plansDetails","deviceType":"2","deviceId":"dabb60d0add032b5"}', '2017-01-25 07:01:28', NULL),
(70, 'usersModule - login API ', 'POST', '{"amount":"1500","sessionToken":"313fcwvaprmcziijmvjhmwabqnegihebpwp400","stripeToken":"tok_19fwRVBZMRlMI3U45l3XQZ4D","description":"desc","deviceType":"2","userId":"5","planId":"4","option":"paymenttostripe","deviceId":"dabb60d0add032b5","currency":"USD"}', '2017-01-25 07:01:28', 5),
(71, 'usersModule - login API ', 'POST', '{"sessionToken":"313fcwvaprmcziijmvjhmwabqnegihebpwp400","option":"imageCount","deviceType":"2","deviceId":"dabb60d0add032b5","userId":"5"}', '2017-01-25 07:01:28', 5),
(72, 'usersModule - login API ', 'POST', '{"option":"mediaPlayer","deviceId":"dabb60d0add032b5","deviceType":"2","sessionToken":"313fcwvaprmcziijmvjhmwabqnegihebpwp400","userId":"5","orderId":"","count":"2"}', '2017-01-25 07:01:28', 5),
(73, 'usersModule - login API ', 'POST', '{"option":"mediaPlayer","deviceId":"dabb60d0add032b5","deviceType":"2","sessionToken":"313fcwvaprmcziijmvjhmwabqnegihebpwp400","userId":"5","orderId":"1","count":"1"}', '2017-01-25 07:01:28', 5),
(74, 'usersModule - login API ', 'POST', '{"sessionToken":"313fcwvaprmcziijmvjhmwabqnegihebpwp400","option":"imageCount","deviceType":"2","deviceId":"dabb60d0add032b5","userId":"5"}', '2017-01-25 07:01:28', 5),
(75, 'usersModule - login API ', 'POST', '{"sessionToken":"313fcwvaprmcziijmvjhmwabqnegihebpwp400","option":"imageCount","deviceType":"2","deviceId":"dabb60d0add032b5","userId":"5"}', '2017-01-25 07:01:49', 5),
(76, 'usersModule - login API ', 'POST', '{"sessionToken":"313fcwvaprmcziijmvjhmwabqnegihebpwp400","option":"imageCount","deviceType":"2","deviceId":"dabb60d0add032b5","userId":"5"}', '2017-01-25 07:01:50', 5),
(77, 'usersModule - login API ', 'POST', '{"sessionToken":"313fcwvaprmcziijmvjhmwabqnegihebpwp400","option":"imageCount","deviceType":"2","deviceId":"dabb60d0add032b5","userId":"5"}', '2017-01-25 07:01:53', 5),
(78, 'usersModule - login API ', 'POST', '{"option":"mediaPlayer","deviceId":"dabb60d0add032b5","deviceType":"2","sessionToken":"313fcwvaprmcziijmvjhmwabqnegihebpwp400","userId":"5","orderId":"","count":"2"}', '2017-01-25 07:01:54', 5),
(79, 'usersModule - login API ', 'POST', '{"option":"mediaPlayer","deviceId":"dabb60d0add032b5","deviceType":"2","sessionToken":"313fcwvaprmcziijmvjhmwabqnegihebpwp400","userId":"5","orderId":"2","count":"1"}', '2017-01-25 07:01:54', 5),
(80, 'usersModule - login API ', 'POST', '{"sessionToken":"313fcwvaprmcziijmvjhmwabqnegihebpwp400","option":"imageCount","deviceType":"2","deviceId":"dabb60d0add032b5","userId":"5"}', '2017-01-25 07:01:54', 5),
(81, 'usersModule - login API ', 'POST', '{"deviceId":"1","deviceType":"1","email":"a@a.com","option":"login","password":"qwerty"}', '2017-01-27 05:01:53', NULL),
(82, 'usersModule - login API ', 'POST', '{"option":"imageCount","sessionToken":"591lmhievaakshseeyqqdrfqwbuziqktjhz117","userId":"2"}', '2017-01-27 05:01:53', 2),
(83, 'usersModule - login API ', 'POST', '{"deviceId":"780fd0e9991d7d58","deviceType":"2","option":"plansDetails","sessionToken":"158hrcxqteflqivtxofaunrlubijxzwuqhh298"}', '2017-01-27 06:01:24', NULL),
(84, 'usersModule - login API ', 'POST', '{"option":"imageCount","sessionToken":"591lmhievaakshseeyqqdrfqwbuziqktjhz117","userId":"2"}', '2017-01-27 06:01:34', 2),
(85, 'usersModule - login API ', 'POST', '{"deviceId":"1","deviceType":"1","option":"plansDetails","sessionToken":"591lmhievaakshseeyqqdrfqwbuziqktjhz117","userId":"2"}', '2017-01-27 06:01:34', 2),
(86, 'usersModule - login API ', 'POST', '{"deviceId":"1","deviceType":"1","option":"plansDetails","sessionToken":"591lmhievaakshseeyqqdrfqwbuziqktjhz117","userId":"2"}', '2017-01-27 06:01:34', 2),
(87, 'usersModule - login API ', 'POST', '{"deviceId":"1","deviceType":"1","option":"plansDetails","sessionToken":"591lmhievaakshseeyqqdrfqwbuziqktjhz117","userId":"2"}', '2017-01-27 06:01:34', 2),
(88, 'usersModule - login API ', 'POST', '{"deviceId":"1","deviceType":"1","option":"plansDetails","sessionToken":"591lmhievaakshseeyqqdrfqwbuziqktjhz117","userId":"2"}', '2017-01-27 06:01:35', 2),
(89, 'usersModule - login API ', 'POST', '{"deviceId":"1","deviceType":"1","option":"plansDetails","sessionToken":"591lmhievaakshseeyqqdrfqwbuziqktjhz117","userId":"2"}', '2017-01-27 06:01:35', 2),
(90, 'usersModule - login API ', 'POST', '{"option":"imageCount","sessionToken":"591lmhievaakshseeyqqdrfqwbuziqktjhz117","userId":"2"}', '2017-01-27 06:01:54', 2),
(91, 'usersModule - login API ', 'POST', '{"deviceId":"1","deviceType":"1","option":"plansDetails","sessionToken":"591lmhievaakshseeyqqdrfqwbuziqktjhz117","userId":"2"}', '2017-01-27 06:01:54', 2),
(92, 'usersModule - login API ', 'POST', '{"option":"imageCount","sessionToken":"591lmhievaakshseeyqqdrfqwbuziqktjhz117","userId":"2"}', '2017-01-27 07:01:02', 2),
(93, 'usersModule - login API ', 'POST', '{"deviceId":"1","deviceType":"1","option":"plansDetails","sessionToken":"591lmhievaakshseeyqqdrfqwbuziqktjhz117","userId":"2"}', '2017-01-27 07:01:02', 2),
(94, 'usersModule - login API ', 'POST', '{"deviceId":"1","deviceType":"1","option":"plansDetails","sessionToken":"591lmhievaakshseeyqqdrfqwbuziqktjhz117","userId":"2"}', '2017-01-27 07:01:04', 2),
(95, 'usersModule - login API ', 'POST', '{"deviceId":"1","deviceType":"1","option":"plansDetails","sessionToken":"591lmhievaakshseeyqqdrfqwbuziqktjhz117","userId":"2"}', '2017-01-27 07:01:05', 2),
(96, 'usersModule - login API ', 'POST', '{"deviceId":"1","deviceType":"1","email":"a@a.com","password":"qwerty","option":"login"}', '2017-01-27 07:01:09', NULL),
(97, 'usersModule - login API ', 'POST', '{"option":"userCardDetails","sessionToken":"484zsswnwbyskrqwkbmszbexwrnoykcubyf489","deviceId":"1","deviceType":"1","userId":"2","cardHolderName":"ankita singh","cardNumber":"4242424242424242","expiryMonth":"10","expiryYear":"2020","cvv":"123"}', '2017-01-27 07:01:09', 2),
(98, 'usersModule - login API ', 'POST', '{"deviceId":"780fd0e9991d7d58","deviceType":"2","option":"imageCount","sessionToken":"158hrcxqteflqivtxofaunrlubijxzwuqhh298","userId":"4"}', '2017-01-27 07:01:22', 4),
(99, 'usersModule - login API ', 'POST', '{"option":"imageCount","sessionToken":"591lmhievaakshseeyqqdrfqwbuziqktjhz117","userId":"2"}', '2017-01-27 07:01:24', 2),
(100, 'usersModule - login API ', 'POST', '{"deviceId":"1","deviceType":"1","option":"plansDetails","sessionToken":"591lmhievaakshseeyqqdrfqwbuziqktjhz117","userId":"2"}', '2017-01-27 07:01:24', 2),
(101, 'usersModule - login API ', 'POST', '{"deviceId":"780fd0e9991d7d58","deviceType":"2","option":"imageCount","sessionToken":"158hrcxqteflqivtxofaunrlubijxzwuqhh298","userId":"4"}', '2017-01-27 07:01:25', 4),
(102, 'usersModule - login API ', 'POST', '{"cardHolderName":"ajeet","cardNumber":"4242424242424242","cvv":"222","deviceId":"1","deviceType":"1","expiryMonth":"11","expiryYear":"2018","option":"userCardDetails","sessionToken":"591lmhievaakshseeyqqdrfqwbuziqktjhz117","userId":"2"}', '2017-01-27 07:01:25', 2),
(103, 'usersModule - login API ', 'POST', '{"deviceId":"780fd0e9991d7d58","deviceType":"2","option":"imageCount","sessionToken":"158hrcxqteflqivtxofaunrlubijxzwuqhh298","userId":"4"}', '2017-01-27 07:01:26', 4),
(104, 'usersModule - login API ', 'POST', '{"deviceId":"780fd0e9991d7d58","deviceType":"2","option":"imageCount","sessionToken":"158hrcxqteflqivtxofaunrlubijxzwuqhh298","userId":"4"}', '2017-01-27 07:01:30', 4),
(105, 'usersModule - login API ', 'POST', '{"deviceId":"780fd0e9991d7d58","deviceType":"2","option":"imageCount","sessionToken":"158hrcxqteflqivtxofaunrlubijxzwuqhh298","userId":"4"}', '2017-01-27 07:01:30', 4),
(106, 'usersModule - login API ', 'POST', '{"option":"imageCount","sessionToken":"591lmhievaakshseeyqqdrfqwbuziqktjhz117","userId":"2"}', '2017-01-27 07:01:34', 2),
(107, 'usersModule - login API ', 'POST', '{"deviceId":"1","deviceType":"1","option":"plansDetails","sessionToken":"591lmhievaakshseeyqqdrfqwbuziqktjhz117","userId":"2"}', '2017-01-27 07:01:35', 2),
(108, 'usersModule - login API ', 'POST', '{"option":"imageCount","sessionToken":"591lmhievaakshseeyqqdrfqwbuziqktjhz117","userId":"2"}', '2017-01-27 08:01:26', 2),
(109, 'usersModule - login API ', 'POST', '{"deviceId":"1","deviceType":"1","option":"plansDetails","sessionToken":"591lmhievaakshseeyqqdrfqwbuziqktjhz117","userId":"2"}', '2017-01-27 08:01:26', 2),
(110, 'usersModule - login API ', 'POST', '{"option":"imageCount","sessionToken":"591lmhievaakshseeyqqdrfqwbuziqktjhz117","userId":"2"}', '2017-01-27 08:01:27', 2),
(111, 'usersModule - login API ', 'POST', '{"deviceId":"1","deviceType":"1","option":"plansDetails","sessionToken":"591lmhievaakshseeyqqdrfqwbuziqktjhz117","userId":"2"}', '2017-01-27 08:01:29', 2),
(112, 'usersModule - login API ', 'POST', '{"option":"imageCount","sessionToken":"591lmhievaakshseeyqqdrfqwbuziqktjhz117","userId":"2"}', '2017-01-27 08:01:30', 2),
(113, 'usersModule - login API ', 'POST', '{"deviceId":"1","deviceType":"1","option":"plansDetails","sessionToken":"591lmhievaakshseeyqqdrfqwbuziqktjhz117","userId":"2"}', '2017-01-27 08:01:30', 2),
(114, 'usersModule - login API ', 'POST', '{"deviceId":"1","deviceType":"1","option":"plansDetails","sessionToken":"591lmhievaakshseeyqqdrfqwbuziqktjhz117","userId":"2"}', '2017-01-27 08:01:31', 2),
(115, 'usersModule - login API ', 'POST', '{"deviceId":"1","deviceType":"1","option":"plansDetails","sessionToken":"591lmhievaakshseeyqqdrfqwbuziqktjhz117","userId":"2"}', '2017-01-27 08:01:31', 2),
(116, 'usersModule - login API ', 'POST', '{"deviceId":"780fd0e9991d7d58","deviceType":"2","option":"plansDetails","sessionToken":"158hrcxqteflqivtxofaunrlubijxzwuqhh298"}', '2017-01-27 08:01:32', NULL),
(117, 'usersModule - login API ', 'POST', '{"sessionToken":"484zsswnwbyskrqwkbmszbexwrnoykcubyf489","deviceId":"1","deviceType":"1","option":"userCardList","userId":"3"}', '2017-01-27 08:01:32', 3),
(118, 'usersModule - login API ', 'POST', '{"sessionToken":"484zsswnwbyskrqwkbmszbexwrnoykcubyf489","deviceId":"1","deviceType":"1","option":"userCardList","userId":"2"}', '2017-01-27 08:01:32', 2),
(119, 'usersModule - login API ', 'POST', '{"option":"imageCount","sessionToken":"591lmhievaakshseeyqqdrfqwbuziqktjhz117","userId":"2"}', '2017-01-27 08:01:56', 2),
(120, 'usersModule - login API ', 'POST', '{"deviceId":"780fd0e9991d7d58","deviceType":"2","option":"imageCount","sessionToken":"158hrcxqteflqivtxofaunrlubijxzwuqhh298","userId":"4"}', '2017-01-27 08:01:56', 4),
(121, 'usersModule - login API ', 'POST', '{"deviceId":"780fd0e9991d7d58","deviceType":"2","option":"imageCount","sessionToken":"158hrcxqteflqivtxofaunrlubijxzwuqhh298","userId":"4"}', '2017-01-27 08:01:56', 4),
(122, 'usersModule - login API ', 'POST', '{"deviceId":"780fd0e9991d7d58","deviceType":"2","option":"plansDetails","sessionToken":"158hrcxqteflqivtxofaunrlubijxzwuqhh298"}', '2017-01-27 08:01:56', NULL),
(123, 'usersModule - login API ', 'POST', '{"option":"editCardDetails","sessionToken":"484zsswnwbyskrqwkbmszbexwrnoykcubyf489","deviceId":"1","deviceType":"1","userId":"2","cardHolderName":"ankita singh","cardNumber":"242545434242232","expiryMonth":"01","expiryYear":"2022","cvv":"987","cardId":"1"}', '2017-01-27 09:01:07', 2),
(124, 'usersModule - login API ', 'POST', '{"sessionToken":"484zsswnwbyskrqwkbmszbexwrnoykcubyf489","deviceId":"1","deviceType":"1","option":"userCardList","userId":"2"}', '2017-01-27 09:01:07', 2),
(125, 'usersModule - login API ', 'POST', '{"deviceId":"780fd0e9991d7d58","deviceType":"2","option":"imageCount","sessionToken":"158hrcxqteflqivtxofaunrlubijxzwuqhh298","userId":"4"}', '2017-01-27 09:01:20', 4),
(126, 'usersModule - login API ', 'POST', '{"deviceId":"780fd0e9991d7d58","deviceType":"2","option":"imageCount","sessionToken":"158hrcxqteflqivtxofaunrlubijxzwuqhh298","userId":"4"}', '2017-01-27 10:01:02', 4),
(127, 'usersModule - login API ', 'POST', '{"deviceId":"780fd0e9991d7d58","deviceType":"2","option":"userCardDetails","sessionToken":"158hrcxqteflqivtxofaunrlubijxzwuqhh298","userId":"4","cardHolderName":"testtt","cardNumber":"4242424242424242","expiryMonth":"06","expiryYear":"2020"}', '2017-01-27 10:01:02', 4),
(128, 'usersModule - login API ', 'POST', '{"deviceId":"780fd0e9991d7d58","deviceType":"2","option":"userCardList","sessionToken":"4"}', '2017-01-27 10:01:50', NULL),
(129, 'usersModule - login API ', 'POST', '{"sessionToken":"484zsswnwbyskrqwkbmszbexwrnoykcubyf489","deviceId":"1","deviceType":"1","option":"userCardList","userId":"2"}', '2017-01-27 11:01:29', 2),
(130, 'usersModule - login API ', 'POST', '{"deviceId":"780fd0e9991d7d58","deviceType":"2","option":"imageCount","sessionToken":"158hrcxqteflqivtxofaunrlubijxzwuqhh298","userId":"4"}', '2017-01-27 11:01:43', 4),
(131, 'usersModule - login API ', 'POST', '{"deviceId":"780fd0e9991d7d58","deviceType":"2","option":"userCardList","sessionToken":"4"}', '2017-01-27 11:01:43', NULL),
(132, 'usersModule - login API ', 'POST', '{"deviceId":"780fd0e9991d7d58","deviceType":"2","option":"plansDetails","sessionToken":"158hrcxqteflqivtxofaunrlubijxzwuqhh298"}', '2017-01-27 11:01:54', NULL),
(133, 'usersModule - login API ', 'POST', '{"deviceId":"1","deviceType":"1","email":"a@a.com","password":"qwerty","option":"login"}', '2017-01-27 11:01:57', NULL),
(134, 'usersModule - login API ', 'POST', '{"option":"userCardDetails","sessionToken":"560vqshdutbycpwtjcytgffgmiqsvymzqjd403","deviceId":"1","deviceType":"1","userId":"2","cardHolderName":"ankita singh","cardNumber":"4242424242424242","expiryMonth":"10","expiryYear":"2020","cvc":"987"}', '2017-01-27 11:01:58', 2),
(135, 'usersModule - login API ', 'POST', '{"option":"userCardDetails","sessionToken":"560vqshdutbycpwtjcytgffgmiqsvymzqjd403","deviceId":"1","deviceType":"1","userId":"2","cardHolderName":"ankita singh","cardNumber":"4242424242424242","expiryMonth":"01","expiryYear":"2025","cvc":"987"}', '2017-01-27 11:01:58', 2),
(136, 'usersModule - login API ', 'POST', '{"sessionToken":"560vqshdutbycpwtjcytgffgmiqsvymzqjd403","deviceId":"1","deviceType":"1","option":"userCardList","userId":"2"}', '2017-01-27 11:01:58', 2),
(137, 'usersModule - login API ', 'POST', '{"deviceId":"780fd0e9991d7d58","deviceType":"2","option":"userCardList","sessionToken":"4"}', '2017-01-27 11:01:59', NULL),
(138, 'usersModule - login API ', 'POST', '{"deviceId":"780fd0e9991d7d58","deviceType":"2","option":"imageCount","sessionToken":"158hrcxqteflqivtxofaunrlubijxzwuqhh298","userId":"4"}', '2017-01-27 12:01:00', 4),
(139, 'usersModule - login API ', 'POST', '{"deviceId":"780fd0e9991d7d58","deviceType":"2","option":"login","email":"a@a.com","password":"qwerty"}', '2017-01-27 12:01:00', NULL),
(140, 'loginModule - forgetPwd API ', 'POST', '{"deviceId":"780fd0e9991d7d58","deviceType":"2","option":"userExtraDetails","phoneNumber":"5666966999988","country":"USA"}', '2017-01-27 12:01:00', NULL),
(141, 'usersModule - login API ', 'POST', '{"deviceId":"780fd0e9991d7d58","deviceType":"2","option":"imageCount","sessionToken":"340enusgucjkmswpojilbevxbpfjfpldxrj326","userId":"2"}', '2017-01-27 12:01:00', 2),
(142, 'usersModule - login API ', 'POST', '{"deviceId":"780fd0e9991d7d58","deviceType":"2","option":"userCardList","sessionToken":"2"}', '2017-01-27 12:01:00', NULL),
(143, 'usersModule - login API ', 'POST', '{"deviceId":"780fd0e9991d7d58","deviceType":"2","option":"userCardList","sessionToken":"2"}', '2017-01-27 12:01:01', NULL),
(144, 'usersModule - login API ', 'POST', '{"deviceId":"780fd0e9991d7d58","deviceType":"2","option":"imageCount","sessionToken":"340enusgucjkmswpojilbevxbpfjfpldxrj326","userId":"2"}', '2017-01-27 12:01:03', 2),
(145, 'usersModule - login API ', 'POST', '{"deviceId":"780fd0e9991d7d58","deviceType":"2","option":"userCardList","sessionToken":"340enusgucjkmswpojilbevxbpfjfpldxrj326","userId":"2"}', '2017-01-27 12:01:03', 2),
(146, 'usersModule - login API ', 'POST', '{"deviceId":"780fd0e9991d7d58","deviceType":"2","option":"imageCount","sessionToken":"340enusgucjkmswpojilbevxbpfjfpldxrj326","userId":"2"}', '2017-01-27 12:01:06', 2),
(147, 'usersModule - login API ', 'POST', '{"deviceId":"780fd0e9991d7d58","deviceType":"2","option":"userCardList","sessionToken":"340enusgucjkmswpojilbevxbpfjfpldxrj326","userId":"2"}', '2017-01-27 12:01:06', 2),
(148, 'usersModule - login API ', 'POST', '{"deviceId":"780fd0e9991d7d58","deviceType":"2","option":"imageCount","sessionToken":"340enusgucjkmswpojilbevxbpfjfpldxrj326","userId":"2"}', '2017-01-27 12:01:12', 2),
(149, 'usersModule - login API ', 'POST', '{"deviceId":"1","deviceType":"1","email":"a@a.com","password":"qwerty","option":"login"}', '2017-01-27 12:01:12', NULL),
(150, 'usersModule - login API ', 'POST', '{"sessionToken":"304ninrnxzeuzvmcqihzjogcdrsrchrison600","deviceId":"1","deviceType":"1","option":"userCardList","userId":"2"}', '2017-01-27 12:01:12', 2),
(151, 'usersModule - login API ', 'POST', '{"deviceId":"780fd0e9991d7d58","deviceType":"2","option":"imageCount","sessionToken":"340enusgucjkmswpojilbevxbpfjfpldxrj326","userId":"2"}', '2017-01-27 12:01:13', 2),
(152, 'usersModule - login API ', 'POST', '{"deviceId":"780fd0e9991d7d58","deviceType":"2","option":"userCardList","sessionToken":"340enusgucjkmswpojilbevxbpfjfpldxrj326","userId":"2"}', '2017-01-27 12:01:13', 2),
(153, 'usersModule - login API ', 'POST', '{"deviceId":"780fd0e9991d7d58","deviceType":"2","option":"userCardDetails","sessionToken":"340enusgucjkmswpojilbevxbpfjfpldxrj326","userId":"2","cardHolderName":"dilip","cardNumber":"4242424242424242","expiryMonth":"06","expiryYear":"2020","cvc":"123"}', '2017-01-27 12:01:14', 2),
(154, 'usersModule - login API ', 'POST', '{"deviceId":"780fd0e9991d7d58","deviceType":"2","option":"userCardList","sessionToken":"340enusgucjkmswpojilbevxbpfjfpldxrj326","userId":"2"}', '2017-01-27 12:01:14', 2),
(155, 'usersModule - login API ', 'POST', '{"deviceId":"780fd0e9991d7d58","deviceType":"2","option":"plansDetails","sessionToken":"340enusgucjkmswpojilbevxbpfjfpldxrj326"}', '2017-01-27 12:01:43', NULL),
(156, 'usersModule - login API ', 'POST', '{"deviceId":"780fd0e9991d7d58","deviceType":"2","option":"imageCount","sessionToken":"340enusgucjkmswpojilbevxbpfjfpldxrj326","userId":"2"}', '2017-01-27 12:01:44', 2),
(157, 'usersModule - login API ', 'POST', '{"deviceId":"780fd0e9991d7d58","deviceType":"2","option":"userCardList","sessionToken":"340enusgucjkmswpojilbevxbpfjfpldxrj326","userId":"2"}', '2017-01-27 12:01:44', 2),
(158, 'usersModule - login API ', 'POST', '{"deviceId":"780fd0e9991d7d58","deviceType":"2","option":"imageCount","sessionToken":"340enusgucjkmswpojilbevxbpfjfpldxrj326","userId":"2"}', '2017-01-27 12:01:45', 2),
(159, 'usersModule - login API ', 'POST', '{"deviceId":"780fd0e9991d7d58","deviceType":"2","option":"userCardList","sessionToken":"340enusgucjkmswpojilbevxbpfjfpldxrj326","userId":"2"}', '2017-01-27 12:01:45', 2),
(160, 'usersModule - login API ', 'POST', '{"deviceId":"780fd0e9991d7d58","deviceType":"2","option":"userCardList","sessionToken":"340enusgucjkmswpojilbevxbpfjfpldxrj326","userId":"2"}', '2017-01-27 12:01:45', 2),
(161, 'usersModule - login API ', 'POST', '{"deviceId":"780fd0e9991d7d58","deviceType":"2","option":"userCardDetails","sessionToken":"340enusgucjkmswpojilbevxbpfjfpldxrj326","userId":"2","cardHolderName":"lllll","cardNumber":"4242424242424242","expiryMonth":"06","expiryYear":"2020","cvc":"123"}', '2017-01-27 12:01:45', 2),
(162, 'usersModule - login API ', 'POST', '{"deviceId":"780fd0e9991d7d58","deviceType":"2","option":"userCardList","sessionToken":"340enusgucjkmswpojilbevxbpfjfpldxrj326","userId":"2"}', '2017-01-27 12:01:45', 2),
(163, 'usersModule - login API ', 'POST', '{"deviceId":"780fd0e9991d7d58","deviceType":"2","option":"userCardList","sessionToken":"340enusgucjkmswpojilbevxbpfjfpldxrj326","userId":"2"}', '2017-01-27 12:01:51', 2),
(164, 'usersModule - login API ', 'POST', '{"deviceId":"780fd0e9991d7d58","deviceType":"2","option":"plansDetails","sessionToken":"340enusgucjkmswpojilbevxbpfjfpldxrj326"}', '2017-01-27 12:01:55', NULL),
(165, 'usersModule - login API ', 'POST', '{"option":"userCardDetails","sessionToken":"560vqshdutbycpwtjcytgffgmiqsvymzqjd403","deviceId":"1","deviceType":"1","userId":"2","cardHolderName":"ankita singh","cardNumber":"4242424242424242","expiryMonth":"01","expiryYear":"2025","cvc":"987"}', '2017-01-27 12:01:55', 2),
(166, 'usersModule - login API ', 'POST', '{"deviceId":"780fd0e9991d7d58","deviceType":"2","option":"imageCount","sessionToken":"340enusgucjkmswpojilbevxbpfjfpldxrj326","userId":"2"}', '2017-01-27 01:01:06', 2),
(167, 'usersModule - login API ', 'POST', '{"deviceId":"780fd0e9991d7d58","deviceType":"2","option":"plansDetails","sessionToken":"340enusgucjkmswpojilbevxbpfjfpldxrj326"}', '2017-01-27 01:01:06', NULL),
(168, 'usersModule - login API ', 'POST', '{"deviceId":"780fd0e9991d7d58","deviceType":"2","option":"userCardList","sessionToken":"340enusgucjkmswpojilbevxbpfjfpldxrj326","userId":"2"}', '2017-01-27 01:01:06', 2),
(169, 'usersModule - login API ', 'POST', '{"deviceId":"780fd0e9991d7d58","deviceType":"2","option":"userCardList","sessionToken":"340enusgucjkmswpojilbevxbpfjfpldxrj326","userId":"2"}', '2017-01-27 01:01:11', 2),
(170, 'usersModule - login API ', 'POST', '{"deviceId":"780fd0e9991d7d58","deviceType":"2","option":"imageCount","sessionToken":"340enusgucjkmswpojilbevxbpfjfpldxrj326","userId":"2"}', '2017-01-27 01:01:24', 2),
(171, 'usersModule - login API ', 'POST', '{"deviceId":"780fd0e9991d7d58","deviceType":"2","option":"plansDetails","sessionToken":"340enusgucjkmswpojilbevxbpfjfpldxrj326"}', '2017-01-27 01:01:24', NULL),
(172, 'usersModule - login API ', 'POST', '{"deviceId":"780fd0e9991d7d58","deviceType":"2","option":"userCardList","sessionToken":"340enusgucjkmswpojilbevxbpfjfpldxrj326","userId":"2"}', '2017-01-27 01:01:24', 2),
(173, 'usersModule - login API ', 'POST', '{"deviceId":"780fd0e9991d7d58","deviceType":"2","option":"imageCount","sessionToken":"340enusgucjkmswpojilbevxbpfjfpldxrj326","userId":"2"}', '2017-01-27 01:01:26', 2),
(174, 'usersModule - login API ', 'POST', '{"deviceId":"780fd0e9991d7d58","deviceType":"2","option":"plansDetails","sessionToken":"340enusgucjkmswpojilbevxbpfjfpldxrj326"}', '2017-01-27 01:01:27', NULL),
(175, 'usersModule - login API ', 'POST', '{"deviceId":"780fd0e9991d7d58","deviceType":"2","option":"userCardList","sessionToken":"340enusgucjkmswpojilbevxbpfjfpldxrj326","userId":"2"}', '2017-01-27 01:01:27', 2),
(176, 'usersModule - login API ', 'POST', '{"deviceId":"780fd0e9991d7d58","deviceType":"2","option":"imageCount","sessionToken":"340enusgucjkmswpojilbevxbpfjfpldxrj326","userId":"2"}', '2017-01-27 01:01:28', 2),
(177, 'usersModule - login API ', 'POST', '{"deviceId":"780fd0e9991d7d58","deviceType":"2","option":"plansDetails","sessionToken":"340enusgucjkmswpojilbevxbpfjfpldxrj326"}', '2017-01-27 01:01:28', NULL),
(178, 'usersModule - login API ', 'POST', '{"deviceId":"780fd0e9991d7d58","deviceType":"2","option":"userCardList","sessionToken":"340enusgucjkmswpojilbevxbpfjfpldxrj326","userId":"2"}', '2017-01-27 01:01:28', 2),
(179, 'usersModule - login API ', 'POST', '{"deviceId":"780fd0e9991d7d58","deviceType":"2","option":"imageCount","sessionToken":"340enusgucjkmswpojilbevxbpfjfpldxrj326","userId":"2"}', '2017-01-27 01:01:30', 2),
(180, 'usersModule - login API ', 'POST', '{"deviceId":"780fd0e9991d7d58","deviceType":"2","option":"plansDetails","sessionToken":"340enusgucjkmswpojilbevxbpfjfpldxrj326"}', '2017-01-27 01:01:30', NULL),
(181, 'usersModule - login API ', 'POST', '{"deviceId":"780fd0e9991d7d58","deviceType":"2","option":"userCardList","sessionToken":"340enusgucjkmswpojilbevxbpfjfpldxrj326","userId":"2"}', '2017-01-27 01:01:30', 2),
(182, 'usersModule - login API ', 'POST', '{"deviceId":"780fd0e9991d7d58","deviceType":"2","option":"imageCount","sessionToken":"340enusgucjkmswpojilbevxbpfjfpldxrj326","userId":"2"}', '2017-01-28 06:01:15', 2),
(183, 'usersModule - login API ', 'POST', '{"deviceId":"780fd0e9991d7d58","deviceType":"2","option":"userCardList","sessionToken":"340enusgucjkmswpojilbevxbpfjfpldxrj326","userId":"2"}', '2017-01-28 06:01:16', 2),
(184, 'usersModule - login API ', 'POST', '{"deviceId":"780fd0e9991d7d58","deviceType":"2","option":"userCardList","sessionToken":"340enusgucjkmswpojilbevxbpfjfpldxrj326","userId":"2"}', '2017-01-28 06:01:16', 2),
(185, 'usersModule - login API ', 'POST', '{"deviceId":"780fd0e9991d7d58","deviceType":"2","option":"userCardDetails","sessionToken":"340enusgucjkmswpojilbevxbpfjfpldxrj326","userId":"2","cardHolderName":"vggth","cardNumber":"4242424242424242","expiryMonth":"10","expiryYear":"2023","cvc":"552"}', '2017-01-28 06:01:16', 2),
(186, 'usersModule - login API ', 'POST', '{"deviceId":"780fd0e9991d7d58","deviceType":"2","option":"userCardList","sessionToken":"340enusgucjkmswpojilbevxbpfjfpldxrj326","userId":"2"}', '2017-01-28 06:01:16', 2),
(187, 'usersModule - login API ', 'POST', '{"deviceId":"780fd0e9991d7d58","deviceType":"2","option":"imageCount","sessionToken":"340enusgucjkmswpojilbevxbpfjfpldxrj326","userId":"2"}', '2017-01-28 06:01:23', 2),
(188, 'usersModule - login API ', 'POST', '{"deviceId":"780fd0e9991d7d58","deviceType":"2","option":"imageCount","sessionToken":"340enusgucjkmswpojilbevxbpfjfpldxrj326","userId":"2"}', '2017-01-28 06:01:24', 2),
(189, 'usersModule - login API ', 'POST', '{"deviceId":"780fd0e9991d7d58","deviceType":"2","option":"plansDetails","sessionToken":"340enusgucjkmswpojilbevxbpfjfpldxrj326"}', '2017-01-28 06:01:24', NULL),
(190, 'usersModule - login API ', 'POST', '{"deviceId":"780fd0e9991d7d58","deviceType":"2","option":"userCardList","sessionToken":"340enusgucjkmswpojilbevxbpfjfpldxrj326","userId":"2"}', '2017-01-28 06:01:24', 2),
(191, 'usersModule - login API ', 'POST', '{"deviceId":"780fd0e9991d7d58","deviceType":"2","option":"userCardList","sessionToken":"340enusgucjkmswpojilbevxbpfjfpldxrj326","userId":"2"}', '2017-01-28 06:01:24', 2),
(192, 'usersModule - login API ', 'POST', '{"deviceId":"780fd0e9991d7d58","deviceType":"2","option":"userCardList","sessionToken":"340enusgucjkmswpojilbevxbpfjfpldxrj326","userId":"2"}', '2017-01-28 06:01:24', 2),
(193, 'usersModule - login API ', 'POST', '{"deviceId":"780fd0e9991d7d58","deviceType":"2","option":"plansDetails","sessionToken":"340enusgucjkmswpojilbevxbpfjfpldxrj326"}', '2017-01-28 06:01:24', NULL),
(194, 'usersModule - login API ', 'POST', '{"deviceId":"780fd0e9991d7d58","deviceType":"2","option":"userCardList","sessionToken":"340enusgucjkmswpojilbevxbpfjfpldxrj326","userId":"2"}', '2017-01-28 06:01:24', 2),
(195, 'usersModule - login API ', 'POST', '{"deviceId":"780fd0e9991d7d58","deviceType":"2","option":"imageCount","sessionToken":"340enusgucjkmswpojilbevxbpfjfpldxrj326","userId":"2"}', '2017-01-28 10:01:34', 2),
(196, 'usersModule - login API ', 'POST', '{"deviceId":"780fd0e9991d7d58","deviceType":"2","option":"userCardList","sessionToken":"340enusgucjkmswpojilbevxbpfjfpldxrj326","userId":"2"}', '2017-01-28 10:01:34', 2),
(197, 'usersModule - login API ', 'POST', '{"deviceId":"780fd0e9991d7d58","deviceType":"2","option":"userCardList","sessionToken":"340enusgucjkmswpojilbevxbpfjfpldxrj326","userId":"2"}', '2017-01-28 10:01:34', 2),
(198, 'usersModule - login API ', 'POST', '{"deviceId":"780fd0e9991d7d58","deviceType":"2","option":"imageCount","sessionToken":"340enusgucjkmswpojilbevxbpfjfpldxrj326","userId":"2"}', '2017-01-28 10:01:36', 2),
(199, 'usersModule - login API ', 'POST', '{"deviceId":"780fd0e9991d7d58","deviceType":"2","option":"userCardList","sessionToken":"340enusgucjkmswpojilbevxbpfjfpldxrj326","userId":"2"}', '2017-01-28 10:01:36', 2),
(200, 'usersModule - login API ', 'POST', '{"deviceId":"780fd0e9991d7d58","deviceType":"2","option":"userCardList","sessionToken":"340enusgucjkmswpojilbevxbpfjfpldxrj326","userId":"2"}', '2017-01-28 10:01:36', 2),
(201, 'usersModule - login API ', 'POST', '{"deviceId":"780fd0e9991d7d58","deviceType":"2","option":"userCardList","sessionToken":"340enusgucjkmswpojilbevxbpfjfpldxrj326","userId":"2"}', '2017-01-28 10:01:39', 2),
(202, 'usersModule - login API ', 'POST', '{"deviceId":"780fd0e9991d7d58","deviceType":"2","option":"plansDetails","sessionToken":"340enusgucjkmswpojilbevxbpfjfpldxrj326"}', '2017-01-28 10:01:39', NULL),
(203, 'usersModule - login API ', 'POST', '{"deviceId":"780fd0e9991d7d58","deviceType":"2","option":"userCardList","sessionToken":"340enusgucjkmswpojilbevxbpfjfpldxrj326","userId":"2"}', '2017-01-28 10:01:39', 2),
(204, 'usersModule - login API ', 'POST', '{"deviceId":"780fd0e9991d7d58","deviceType":"2","option":"userCardList","sessionToken":"340enusgucjkmswpojilbevxbpfjfpldxrj326","userId":"2"}', '2017-01-28 10:01:42', 2),
(205, 'usersModule - login API ', 'POST', '{"deviceId":"780fd0e9991d7d58","deviceType":"2","option":"userCardList","sessionToken":"340enusgucjkmswpojilbevxbpfjfpldxrj326","userId":"2"}', '2017-01-28 10:01:42', 2),
(206, 'usersModule - login API ', 'POST', '{"deviceId":"780fd0e9991d7d58","deviceType":"2","option":"plansDetails","sessionToken":"340enusgucjkmswpojilbevxbpfjfpldxrj326"}', '2017-01-28 10:01:43', NULL),
(207, 'usersModule - login API ', 'POST', '{"deviceId":"780fd0e9991d7d58","deviceType":"2","option":"userCardList","sessionToken":"340enusgucjkmswpojilbevxbpfjfpldxrj326","userId":"2"}', '2017-01-28 10:01:43', 2),
(208, 'usersModule - login API ', 'POST', '{"deviceId":"780fd0e9991d7d58","deviceType":"2","option":"userCardList","sessionToken":"340enusgucjkmswpojilbevxbpfjfpldxrj326","userId":"2"}', '2017-01-28 10:01:44', 2),
(209, 'usersModule - login API ', 'POST', '{"deviceId":"780fd0e9991d7d58","deviceType":"2","option":"userCardList","sessionToken":"340enusgucjkmswpojilbevxbpfjfpldxrj326","userId":"2"}', '2017-01-28 10:01:44', 2),
(210, 'usersModule - login API ', 'POST', '{"deviceId":"780fd0e9991d7d58","deviceType":"2","option":"imageCount","sessionToken":"340enusgucjkmswpojilbevxbpfjfpldxrj326","userId":"2"}', '2017-01-28 10:01:45', 2),
(211, 'usersModule - login API ', 'POST', '{"deviceId":"780fd0e9991d7d58","deviceType":"2","option":"plansDetails","sessionToken":"340enusgucjkmswpojilbevxbpfjfpldxrj326"}', '2017-01-28 10:01:46', NULL),
(212, 'usersModule - login API ', 'POST', '{"deviceId":"780fd0e9991d7d58","deviceType":"2","option":"userCardList","sessionToken":"340enusgucjkmswpojilbevxbpfjfpldxrj326","userId":"2"}', '2017-01-28 10:01:46', 2),
(213, 'usersModule - login API ', 'POST', '{"deviceId":"780fd0e9991d7d58","deviceType":"2","option":"userCardList","sessionToken":"340enusgucjkmswpojilbevxbpfjfpldxrj326","userId":"2"}', '2017-01-28 10:01:54', 2),
(214, 'usersModule - login API ', 'POST', '{"deviceId":"780fd0e9991d7d58","deviceType":"2","option":"userCardList","sessionToken":"340enusgucjkmswpojilbevxbpfjfpldxrj326","userId":"2"}', '2017-01-28 10:01:54', 2),
(215, 'usersModule - login API ', 'POST', '{"deviceId":"780fd0e9991d7d58","deviceType":"2","option":"userCardList","sessionToken":"340enusgucjkmswpojilbevxbpfjfpldxrj326","userId":"2"}', '2017-01-28 10:01:54', 2),
(216, 'usersModule - login API ', 'POST', '{"deviceId":"780fd0e9991d7d58","deviceType":"2","option":"plansDetails","sessionToken":"340enusgucjkmswpojilbevxbpfjfpldxrj326"}', '2017-01-28 10:01:54', NULL),
(217, 'usersModule - login API ', 'POST', '{"deviceId":"780fd0e9991d7d58","deviceType":"2","option":"userCardList","sessionToken":"340enusgucjkmswpojilbevxbpfjfpldxrj326","userId":"2"}', '2017-01-28 10:01:54', 2),
(218, 'usersModule - login API ', 'POST', '{"deviceId":"780fd0e9991d7d58","deviceType":"2","option":"userCardList","sessionToken":"340enusgucjkmswpojilbevxbpfjfpldxrj326","userId":"2"}', '2017-01-28 11:01:03', 2),
(219, 'usersModule - login API ', 'POST', '{"deviceId":"780fd0e9991d7d58","deviceType":"2","option":"userCardList","sessionToken":"340enusgucjkmswpojilbevxbpfjfpldxrj326","userId":"2"}', '2017-01-28 11:01:03', 2),
(220, 'usersModule - login API ', 'POST', '{"deviceId":"780fd0e9991d7d58","deviceType":"2","option":"userCardList","sessionToken":"340enusgucjkmswpojilbevxbpfjfpldxrj326","userId":"2"}', '2017-01-28 11:01:04', 2),
(221, 'usersModule - login API ', 'POST', '{"deviceId":"780fd0e9991d7d58","deviceType":"2","option":"imageCount","sessionToken":"340enusgucjkmswpojilbevxbpfjfpldxrj326","userId":"2"}', '2017-01-28 11:01:09', 2),
(222, 'usersModule - login API ', 'POST', '{"deviceId":"780fd0e9991d7d58","deviceType":"2","option":"userCardList","sessionToken":"340enusgucjkmswpojilbevxbpfjfpldxrj326","userId":"2"}', '2017-01-28 11:01:09', 2);
INSERT INTO `store_posts` (`id`, `module_name`, `type_of_request`, `request_content`, `created_on`, `created_by`) VALUES
(223, 'usersModule - login API ', 'POST', '{"deviceId":"780fd0e9991d7d58","deviceType":"2","option":"userCardList","sessionToken":"340enusgucjkmswpojilbevxbpfjfpldxrj326","userId":"2"}', '2017-01-28 11:01:09', 2),
(224, 'usersModule - login API ', 'POST', '{"deviceId":"780fd0e9991d7d58","deviceType":"2","option":"userCardList","sessionToken":"340enusgucjkmswpojilbevxbpfjfpldxrj326","userId":"2"}', '2017-01-28 11:01:41', 2),
(225, 'usersModule - login API ', 'POST', '{"deviceId":"780fd0e9991d7d58","deviceType":"2","option":"imageCount","sessionToken":"340enusgucjkmswpojilbevxbpfjfpldxrj326","userId":"2"}', '2017-01-28 11:01:41', 2),
(226, 'usersModule - login API ', 'POST', '{"deviceId":"780fd0e9991d7d58","deviceType":"2","option":"plansDetails","sessionToken":"340enusgucjkmswpojilbevxbpfjfpldxrj326"}', '2017-01-28 11:01:41', NULL),
(227, 'usersModule - login API ', 'POST', '{"deviceId":"780fd0e9991d7d58","deviceType":"2","option":"userCardList","sessionToken":"340enusgucjkmswpojilbevxbpfjfpldxrj326","userId":"2"}', '2017-01-28 11:01:41', 2),
(228, 'usersModule - login API ', 'POST', '{"deviceId":"780fd0e9991d7d58","deviceType":"2","option":"userCardList","sessionToken":"340enusgucjkmswpojilbevxbpfjfpldxrj326","userId":"2"}', '2017-01-28 11:01:41', 2),
(229, 'usersModule - login API ', 'POST', '{"deviceId":"780fd0e9991d7d58","deviceType":"2","option":"userCardList","sessionToken":"340enusgucjkmswpojilbevxbpfjfpldxrj326","userId":"2"}', '2017-01-28 11:01:41', 2),
(230, 'usersModule - login API ', 'POST', '{"deviceId":"780fd0e9991d7d58","deviceType":"2","option":"userCardList","sessionToken":"340enusgucjkmswpojilbevxbpfjfpldxrj326","userId":"2"}', '2017-01-28 11:01:43', 2),
(231, 'usersModule - login API ', 'POST', '{"deviceId":"780fd0e9991d7d58","deviceType":"2","option":"userCardList","sessionToken":"340enusgucjkmswpojilbevxbpfjfpldxrj326","userId":"2"}', '2017-01-28 11:01:44', 2),
(232, 'usersModule - login API ', 'POST', '{"deviceId":"780fd0e9991d7d58","deviceType":"2","option":"userCardList","sessionToken":"340enusgucjkmswpojilbevxbpfjfpldxrj326","userId":"2"}', '2017-01-28 11:01:44', 2),
(233, 'usersModule - login API ', 'POST', '{"deviceId":"780fd0e9991d7d58","deviceType":"2","option":"plansDetails","sessionToken":"340enusgucjkmswpojilbevxbpfjfpldxrj326"}', '2017-01-28 11:01:45', NULL),
(234, 'usersModule - login API ', 'POST', '{"deviceId":"780fd0e9991d7d58","deviceType":"2","option":"userCardList","sessionToken":"340enusgucjkmswpojilbevxbpfjfpldxrj326","userId":"2"}', '2017-01-28 11:01:45', 2),
(235, 'usersModule - login API ', 'POST', '{"deviceId":"780fd0e9991d7d58","deviceType":"2","option":"userCardList","sessionToken":"340enusgucjkmswpojilbevxbpfjfpldxrj326","userId":"2"}', '2017-01-28 11:01:54', 2),
(236, 'usersModule - login API ', 'POST', '{"deviceId":"780fd0e9991d7d58","deviceType":"2","option":"imageCount","sessionToken":"340enusgucjkmswpojilbevxbpfjfpldxrj326","userId":"2"}', '2017-01-28 12:01:06', 2),
(237, 'userModule - logout API ', 'POST', '{"deviceId":"780fd0e9991d7d58","deviceType":"2","option":"signupEmail","email":"new@new.com"}', '2017-01-28 12:01:07', NULL),
(238, 'usersModule - login API ', 'POST', '{"option":"signup","deviceId":"780fd0e9991d7d58","deviceType":"2","email":"new@new.com","password":"new","password2":"new","firstName":"dhdjd","lastName":"jxkx","primaryAddress":"mxkd","secondaryAddress":"mxkx","city":"kxkx","state":"xkd","postalcode":"xmkx","country":"USA","transactionPin":"1","billingAddressLabel":"1","billingAddressPrimary":"hshs","billingAddressSecondary":"xbdb","billingCity":"dhsb","billingState":"zhbsb","billingPostalCode":"gshs","billingCountry":"Mexico","securityPin":"qq","securityPinVerify":"qq","secondaryEmail":"dbdhdh@xnnx.com","securityQuestion1":"What is your first pet name","answer1":"nxnd","securityQuestion2":"What is your nick name","answer2":"mxmdmx"}', '2017-01-28 12:01:08', NULL),
(239, 'usersModule - login API ', 'POST', '{"deviceId":"780fd0e9991d7d58","deviceType":"2","option":"imageCount","sessionToken":"408enpxmnaqoyxyhgipiqyjkihlhyxnhjoh119","userId":"6"}', '2017-01-28 12:01:08', 6),
(240, 'usersModule - login API ', 'POST', '{"deviceId":"780fd0e9991d7d58","deviceType":"2","option":"userCardList","sessionToken":"408enpxmnaqoyxyhgipiqyjkihlhyxnhjoh119","userId":"6"}', '2017-01-28 12:01:08', 6),
(241, 'usersModule - login API ', 'POST', '{"deviceId":"780fd0e9991d7d58","deviceType":"2","option":"userCardList","sessionToken":"408enpxmnaqoyxyhgipiqyjkihlhyxnhjoh119","userId":"6"}', '2017-01-28 12:01:08', 6),
(242, 'usersModule - login API ', 'POST', '{"deviceId":"780fd0e9991d7d58","deviceType":"2","option":"userCardList","sessionToken":"408enpxmnaqoyxyhgipiqyjkihlhyxnhjoh119","userId":"6"}', '2017-01-28 12:01:10', 6),
(243, 'usersModule - login API ', 'POST', '{"deviceId":"780fd0e9991d7d58","deviceType":"2","option":"userCardList","sessionToken":"408enpxmnaqoyxyhgipiqyjkihlhyxnhjoh119","userId":"6"}', '2017-01-28 12:01:11', 6),
(244, 'usersModule - login API ', 'POST', '{"deviceId":"780fd0e9991d7d58","deviceType":"2","option":"userCardList","sessionToken":"408enpxmnaqoyxyhgipiqyjkihlhyxnhjoh119","userId":"6"}', '2017-01-28 12:01:11', 6),
(245, 'usersModule - login API ', 'POST', '{"deviceId":"780fd0e9991d7d58","deviceType":"2","option":"userCardList","sessionToken":"408enpxmnaqoyxyhgipiqyjkihlhyxnhjoh119","userId":"6"}', '2017-01-28 12:01:11', 6),
(246, 'usersModule - login API ', 'POST', '{"deviceId":"780fd0e9991d7d58","deviceType":"2","option":"userCardDetails","sessionToken":"408enpxmnaqoyxyhgipiqyjkihlhyxnhjoh119","userId":"6","cardToken":"tok_19gv53BZMRlMI3U4Gyq3soyo"}', '2017-01-28 12:01:13', 6),
(247, 'usersModule - login API ', 'POST', '{"deviceId":"780fd0e9991d7d58","deviceType":"2","option":"userCardList","sessionToken":"408enpxmnaqoyxyhgipiqyjkihlhyxnhjoh119","userId":"6"}', '2017-01-28 12:01:13', 6),
(248, 'usersModule - login API ', 'POST', '{"deviceId":"780fd0e9991d7d58","deviceType":"2","option":"userCardList","sessionToken":"408enpxmnaqoyxyhgipiqyjkihlhyxnhjoh119","userId":"6"}', '2017-01-28 12:01:13', 6),
(249, 'usersModule - login API ', 'POST', '{"deviceId":"780fd0e9991d7d58","deviceType":"2","option":"plansDetails","sessionToken":"408enpxmnaqoyxyhgipiqyjkihlhyxnhjoh119"}', '2017-01-28 12:01:13', NULL),
(250, 'usersModule - login API ', 'POST', '{"deviceId":"780fd0e9991d7d58","deviceType":"2","option":"userCardList","sessionToken":"408enpxmnaqoyxyhgipiqyjkihlhyxnhjoh119","userId":"6"}', '2017-01-28 12:01:13', 6),
(251, 'usersModule - login API ', 'POST', '{"deviceId":"780fd0e9991d7d58","deviceType":"2","option":"imageCount","sessionToken":"408enpxmnaqoyxyhgipiqyjkihlhyxnhjoh119","userId":"6"}', '2017-01-28 12:01:34', 6),
(252, 'usersModule - login API ', 'POST', '{"deviceId":"780fd0e9991d7d58","deviceType":"2","option":"plansDetails","sessionToken":"408enpxmnaqoyxyhgipiqyjkihlhyxnhjoh119"}', '2017-01-28 12:01:34', NULL),
(253, 'usersModule - login API ', 'POST', '{"deviceId":"780fd0e9991d7d58","deviceType":"2","option":"userCardList","sessionToken":"408enpxmnaqoyxyhgipiqyjkihlhyxnhjoh119","userId":"6"}', '2017-01-28 12:01:34', 6),
(254, 'usersModule - login API ', 'POST', '{"deviceId":"780fd0e9991d7d58","deviceType":"2","option":"imageCount","sessionToken":"408enpxmnaqoyxyhgipiqyjkihlhyxnhjoh119","userId":"6"}', '2017-01-28 12:01:40', 6),
(255, 'usersModule - login API ', 'POST', '{"deviceId":"780fd0e9991d7d58","deviceType":"2","option":"plansDetails","sessionToken":"408enpxmnaqoyxyhgipiqyjkihlhyxnhjoh119"}', '2017-01-28 12:01:45', NULL),
(256, 'usersModule - login API ', 'POST', '{"deviceId":"780fd0e9991d7d58","deviceType":"2","option":"userCardList","sessionToken":"408enpxmnaqoyxyhgipiqyjkihlhyxnhjoh119","userId":"6"}', '2017-01-28 12:01:45', 6),
(257, 'usersModule - login API ', 'POST', '{"deviceId":"780fd0e9991d7d58","deviceType":"2","option":"paymenttostripe","sessionToken":"408enpxmnaqoyxyhgipiqyjkihlhyxnhjoh119","userId":"6","stripeToken":"card_19gv53BZMRlMI3U4ol5bBpru","planId":"4","amount":"1500","currency":"USD","description":"desc","tokenType":1}', '2017-01-28 12:01:46', 6),
(258, 'usersModule - login API ', 'POST', '{"deviceId":"780fd0e9991d7d58","deviceType":"2","option":"imageCount","sessionToken":"408enpxmnaqoyxyhgipiqyjkihlhyxnhjoh119","userId":"6"}', '2017-01-28 12:01:49', 6),
(259, 'usersModule - login API ', 'POST', '{"deviceId":"780fd0e9991d7d58","deviceType":"2","option":"plansDetails","sessionToken":"408enpxmnaqoyxyhgipiqyjkihlhyxnhjoh119"}', '2017-01-28 12:01:50', NULL),
(260, 'usersModule - login API ', 'POST', '{"deviceId":"780fd0e9991d7d58","deviceType":"2","option":"userCardList","sessionToken":"408enpxmnaqoyxyhgipiqyjkihlhyxnhjoh119","userId":"6"}', '2017-01-28 12:01:50', 6),
(261, 'usersModule - login API ', 'POST', '{"deviceId":"780fd0e9991d7d58","deviceType":"2","option":"imageCount","sessionToken":"408enpxmnaqoyxyhgipiqyjkihlhyxnhjoh119","userId":"6"}', '2017-01-28 12:01:52', 6),
(262, 'usersModule - login API ', 'POST', '{"deviceId":"780fd0e9991d7d58","deviceType":"2","option":"plansDetails","sessionToken":"408enpxmnaqoyxyhgipiqyjkihlhyxnhjoh119"}', '2017-01-28 12:01:53', NULL),
(263, 'usersModule - login API ', 'POST', '{"deviceId":"780fd0e9991d7d58","deviceType":"2","option":"userCardList","sessionToken":"408enpxmnaqoyxyhgipiqyjkihlhyxnhjoh119","userId":"6"}', '2017-01-28 12:01:53', 6),
(264, 'usersModule - login API ', 'POST', '{"deviceId":"780fd0e9991d7d58","deviceType":"2","option":"userCardDetails","sessionToken":"408enpxmnaqoyxyhgipiqyjkihlhyxnhjoh119","userId":"6","cardToken":"tok_19gviHBZMRlMI3U4wdZiR9zr"}', '2017-01-28 12:01:53', 6),
(265, 'usersModule - login API ', 'POST', '{"deviceId":"780fd0e9991d7d58","deviceType":"2","option":"paymenttostripe","sessionToken":"408enpxmnaqoyxyhgipiqyjkihlhyxnhjoh119","userId":"6","stripeToken":"card_19gv53BZMRlMI3U4ol5bBpru","planId":"4","amount":"1500","currency":"USD","description":"desc","tokenType":1}', '2017-01-28 12:01:54', 6),
(266, 'usersModule - login API ', 'POST', '{"deviceId":"780fd0e9991d7d58","deviceType":"2","option":"userCardList","sessionToken":"408enpxmnaqoyxyhgipiqyjkihlhyxnhjoh119","userId":"6"}', '2017-01-28 12:01:55', 6),
(267, 'usersModule - login API ', 'POST', '{"deviceId":"780fd0e9991d7d58","deviceType":"2","option":"imageCount","sessionToken":"408enpxmnaqoyxyhgipiqyjkihlhyxnhjoh119","userId":"6"}', '2017-01-28 12:01:58', 6),
(268, 'usersModule - login API ', 'POST', '{"deviceId":"780fd0e9991d7d58","deviceType":"2","option":"plansDetails","sessionToken":"408enpxmnaqoyxyhgipiqyjkihlhyxnhjoh119"}', '2017-01-28 12:01:58', NULL),
(269, 'usersModule - login API ', 'POST', '{"deviceId":"780fd0e9991d7d58","deviceType":"2","option":"userCardList","sessionToken":"408enpxmnaqoyxyhgipiqyjkihlhyxnhjoh119","userId":"6"}', '2017-01-28 12:01:58', 6),
(270, 'usersModule - login API ', 'POST', '{"deviceId":"780fd0e9991d7d58","deviceType":"2","option":"userCardDetails","sessionToken":"408enpxmnaqoyxyhgipiqyjkihlhyxnhjoh119","userId":"6","cardToken":"tok_19gvnQBZMRlMI3U4TGVgnAxE"}', '2017-01-28 12:01:59', 6),
(271, 'usersModule - login API ', 'POST', '{"deviceId":"780fd0e9991d7d58","deviceType":"2","option":"paymenttostripe","sessionToken":"408enpxmnaqoyxyhgipiqyjkihlhyxnhjoh119","userId":"6","stripeToken":"card_19gv53BZMRlMI3U4ol5bBpru","planId":"1","amount":"321","currency":"USD","description":"desc","tokenType":1}', '2017-01-28 12:01:59', 6),
(272, 'usersModule - login API ', 'POST', '{"deviceId":"780fd0e9991d7d58","deviceType":"2","option":"imageCount","sessionToken":"408enpxmnaqoyxyhgipiqyjkihlhyxnhjoh119","userId":"6"}', '2017-01-28 01:01:00', 6),
(273, 'usersModule - login API ', 'POST', '{"deviceId":"780fd0e9991d7d58","deviceType":"2","option":"plansDetails","sessionToken":"408enpxmnaqoyxyhgipiqyjkihlhyxnhjoh119"}', '2017-01-28 01:01:00', NULL),
(274, 'usersModule - login API ', 'POST', '{"deviceId":"780fd0e9991d7d58","deviceType":"2","option":"userCardList","sessionToken":"408enpxmnaqoyxyhgipiqyjkihlhyxnhjoh119","userId":"6"}', '2017-01-28 01:01:00', 6),
(275, 'usersModule - login API ', 'POST', '{"deviceId":"780fd0e9991d7d58","deviceType":"2","option":"paymenttostripe","sessionToken":"408enpxmnaqoyxyhgipiqyjkihlhyxnhjoh119","userId":"6","stripeToken":"tok_19gvp3BZMRlMI3U4k4xyU4sH","planId":"4","amount":"1500","currency":"USD","description":"desc","tokenType":0}', '2017-01-28 01:01:00', 6),
(276, 'usersModule - login API ', 'POST', '{"deviceId":"780fd0e9991d7d58","deviceType":"2","option":"paymenttostripe","sessionToken":"408enpxmnaqoyxyhgipiqyjkihlhyxnhjoh119","userId":"6","stripeToken":"tok_19gvrvBZMRlMI3U4p1Iy3Z0T","planId":"4","amount":"1500","currency":"USD","description":"desc","tokenType":0}', '2017-01-28 01:01:04', 6),
(277, 'usersModule - login API ', 'POST', '{"deviceId":"780fd0e9991d7d58","deviceType":"2","option":"paymenttostripe","sessionToken":"408enpxmnaqoyxyhgipiqyjkihlhyxnhjoh119","userId":"6","stripeToken":"tok_19gvrvBZMRlMI3U4p1Iy3Z0T","planId":"4","amount":"1500","currency":"USD","description":"desc","tokenType":"0"}', '2017-01-28 01:01:07', 6),
(278, 'usersModule - login API ', 'POST', '{"deviceId":"780fd0e9991d7d58","deviceType":"2","option":"paymenttostripe","sessionToken":"408enpxmnaqoyxyhgipiqyjkihlhyxnhjoh119","userId":"6","stripeToken":"tok_19gvrvBZMRlMI3U4p1Iy3Z0T","planId":"4","amount":"1500","currency":"USD","description":"desc","tokenType":"0"}', '2017-01-28 01:01:12', 6),
(279, 'usersModule - login API ', 'POST', '{"deviceId":"780fd0e9991d7d58","deviceType":"2","option":"paymenttostripe","sessionToken":"408enpxmnaqoyxyhgipiqyjkihlhyxnhjoh119","userId":"6","stripeToken":"tok_19gvrvBZMRlMI3U4p1Iy3Z0T","planId":"4","amount":"1500","currency":"USD","description":"desc","tokenType":"0"}', '2017-01-28 01:01:15', 6),
(280, 'usersModule - login API ', 'POST', '{"deviceId":"780fd0e9991d7d58","deviceType":"2","option":"paymenttostripe","sessionToken":"408enpxmnaqoyxyhgipiqyjkihlhyxnhjoh119","userId":"6","stripeToken":"tok_19gw2xBZMRlMI3U4SGjCIBqL","planId":"4","amount":"1500","currency":"USD","description":"desc","tokenType":0}', '2017-01-28 01:01:15', 6),
(281, 'usersModule - login API ', 'POST', '{"deviceId":"780fd0e9991d7d58","deviceType":"2","option":"paymenttostripe","sessionToken":"408enpxmnaqoyxyhgipiqyjkihlhyxnhjoh119","userId":"6","stripeToken":"tok_19gw3OBZMRlMI3U4tKaoAjDy","planId":"4","amount":"1500","currency":"USD","description":"desc","tokenType":0}', '2017-01-28 01:01:15', 6),
(282, 'usersModule - login API ', 'POST', '{"deviceId":"780fd0e9991d7d58","deviceType":"2","option":"userCardList","sessionToken":"408enpxmnaqoyxyhgipiqyjkihlhyxnhjoh119","userId":"6"}', '2017-01-28 01:01:15', 6),
(283, 'usersModule - login API ', 'POST', '{"deviceId":"780fd0e9991d7d58","deviceType":"2","option":"plansDetails","sessionToken":"408enpxmnaqoyxyhgipiqyjkihlhyxnhjoh119"}', '2017-01-28 01:01:16', NULL),
(284, 'usersModule - login API ', 'POST', '{"deviceId":"780fd0e9991d7d58","deviceType":"2","option":"userCardList","sessionToken":"408enpxmnaqoyxyhgipiqyjkihlhyxnhjoh119","userId":"6"}', '2017-01-28 01:01:16', 6),
(285, 'usersModule - login API ', 'POST', '{"deviceId":"780fd0e9991d7d58","deviceType":"2","option":"paymenttostripe","sessionToken":"408enpxmnaqoyxyhgipiqyjkihlhyxnhjoh119","userId":"6","stripeToken":"tok_19gw41BZMRlMI3U4IcJwLUYW","planId":"6","amount":"2000","currency":"USD","description":"desc","tokenType":0}', '2017-01-28 01:01:16', 6),
(286, 'usersModule - login API ', 'POST', '{"deviceId":"780fd0e9991d7d58","deviceType":"2","option":"userCardList","sessionToken":"484zsswnwbyskrqwkbmszbexwrnoykcubyf489","userId":"2"}', '2017-01-28 03:01:17', 2),
(287, 'usersModule - login API ', 'POST', '{"option":"imageCount","sessionToken":"544heqhapiolxkldmwbjyoslqikknotwvvg139","userId":"2"}', '2017-01-28 06:01:45', 2),
(288, 'usersModule - login API ', 'POST', '{"option":"imageCount","sessionToken":"544heqhapiolxkldmwbjyoslqikknotwvvg139","userId":"2"}', '2017-01-28 06:01:45', 2),
(289, 'usersModule - login API ', 'POST', '{"option":"imageCount","sessionToken":"544heqhapiolxkldmwbjyoslqikknotwvvg139","userId":"2"}', '2017-01-28 06:01:45', 2),
(290, 'usersModule - login API ', 'POST', '{"deviceId":"1","deviceType":"1","option":"plansDetails","sessionToken":"544heqhapiolxkldmwbjyoslqikknotwvvg139","userId":"2"}', '2017-01-28 06:01:46', 2),
(291, 'loginModule - forgetPwd API ', 'POST', '{"deviceId":"1","deviceType":"1","option":"userProfile","sessionToken":"544heqhapiolxkldmwbjyoslqikknotwvvg139","userId":"2"}', '2017-01-28 06:01:47', 2),
(292, 'loginModule - forgetPwd API ', 'POST', '{"deviceId":"1","deviceType":"1","option":"userProfile","sessionToken":"544heqhapiolxkldmwbjyoslqikknotwvvg139","userId":"2"}', '2017-01-28 06:01:47', 2),
(293, 'loginModule - forgetPwd API ', 'POST', '{"deviceId":"1","deviceType":"1","option":"userProfile","sessionToken":"544heqhapiolxkldmwbjyoslqikknotwvvg139","userId":"2"}', '2017-01-28 06:01:47', 2),
(294, 'loginModule - forgetPwd API ', 'POST', '{"answer1":"test","answer2":"as","billingAddressLabel":"a","billingAddressPrimary":"a","billingAddressSecondary":"a","billingCity":"a","billingCountry":"USA","billingPostalCode":"a","billingState":"a","city":"a","country":"USA","deviceId":"1","deviceType":"1","firstName":"Ajeet","lastName":"Ajeet","option":"updateProfile","phoneNumber":"0","postalcode":"a","primaryAddress":"a","secondaryAddress":"a","secondaryEmail":"a@a.com","securityPin":"a","securityPinVerify":"a","securityQuestion1":"What is your pet name","securityQuestion2":"What is your first mobile number","sessionToken":"544heqhapiolxkldmwbjyoslqikknotwvvg139","state":"a","transactionPin":"0","userId":"2"}', '2017-01-28 06:01:47', 2),
(295, 'loginModule - forgetPwd API ', 'POST', '{"deviceId":"1","deviceType":"1","option":"userProfile","sessionToken":"544heqhapiolxkldmwbjyoslqikknotwvvg139","userId":"2"}', '2017-01-28 06:01:47', 2),
(296, 'loginModule - forgetPwd API ', 'POST', '{"deviceId":"1","deviceType":"1","option":"userProfile","sessionToken":"544heqhapiolxkldmwbjyoslqikknotwvvg139","userId":"2"}', '2017-01-28 06:01:48', 2),
(297, 'usersModule - login API ', 'POST', '{"deviceId":"780fd0e9991d7d58","deviceType":"2","option":"imageCount","sessionToken":"408enpxmnaqoyxyhgipiqyjkihlhyxnhjoh119","userId":"6"}', '2017-01-30 05:01:06', 6),
(298, 'usersModule - login API ', 'POST', '{"deviceId":"780fd0e9991d7d58","deviceType":"2","option":"imageCount","sessionToken":"408enpxmnaqoyxyhgipiqyjkihlhyxnhjoh119","userId":"6"}', '2017-01-30 05:01:07', 6),
(299, 'loginModule - forgetPwd API ', 'POST', '{"deviceId":"780fd0e9991d7d58","deviceType":"2","option":"userProfile","sessionToken":"408enpxmnaqoyxyhgipiqyjkihlhyxnhjoh119","userId":"6"}', '2017-01-30 05:01:07', 6),
(300, 'loginModule - forgetPwd API ', 'POST', '{"deviceId":"780fd0e9991d7d58","deviceType":"2","option":"userProfile","sessionToken":"408enpxmnaqoyxyhgipiqyjkihlhyxnhjoh119","userId":"6"}', '2017-01-30 05:01:07', 6),
(301, 'loginModule - forgetPwd API ', 'POST', '{"deviceId":"780fd0e9991d7d58","deviceType":"2","option":"userProfile","sessionToken":"408enpxmnaqoyxyhgipiqyjkihlhyxnhjoh119","userId":"6"}', '2017-01-30 05:01:07', 6),
(302, 'usersModule - login API ', 'POST', '{"deviceId":"780fd0e9991d7d58","deviceType":"2","option":"plansDetails","sessionToken":"408enpxmnaqoyxyhgipiqyjkihlhyxnhjoh119"}', '2017-01-30 05:01:07', NULL),
(303, 'usersModule - login API ', 'POST', '{"deviceId":"780fd0e9991d7d58","deviceType":"2","option":"userCardList","sessionToken":"408enpxmnaqoyxyhgipiqyjkihlhyxnhjoh119","userId":"6"}', '2017-01-30 05:01:07', 6),
(304, 'usersModule - login API ', 'POST', '{"deviceId":"780fd0e9991d7d58","deviceType":"2","option":"paymenttostripe","sessionToken":"408enpxmnaqoyxyhgipiqyjkihlhyxnhjoh119","userId":"6","stripeToken":"card_19gvnQBZMRlMI3U41ZoJTuiT","planId":"4","amount":"1500","currency":"USD","description":"desc","tokenType":1}', '2017-01-30 05:01:08', 6),
(305, 'usersModule - login API ', 'POST', '{"deviceId":"780fd0e9991d7d58","deviceType":"2","option":"imageCount","sessionToken":"408enpxmnaqoyxyhgipiqyjkihlhyxnhjoh119","userId":"6"}', '2017-01-30 05:01:08', 6),
(306, 'usersModule - login API ', 'POST', '{"deviceId":"780fd0e9991d7d58","deviceType":"2","option":"userCardList","sessionToken":"408enpxmnaqoyxyhgipiqyjkihlhyxnhjoh119","userId":"6"}', '2017-01-30 05:01:08', 6),
(307, 'usersModule - login API ', 'POST', '{"deviceId":"780fd0e9991d7d58","deviceType":"2","option":"userCardList","sessionToken":"408enpxmnaqoyxyhgipiqyjkihlhyxnhjoh119","userId":"6"}', '2017-01-30 05:01:08', 6),
(308, 'usersModule - login API ', 'POST', '{"deviceId":"780fd0e9991d7d58","deviceType":"2","option":"userCardList","sessionToken":"408enpxmnaqoyxyhgipiqyjkihlhyxnhjoh119","userId":"6"}', '2017-01-30 05:01:08', 6),
(309, 'usersModule - login API ', 'POST', '{"deviceId":"780fd0e9991d7d58","deviceType":"2","option":"imageCount","sessionToken":"408enpxmnaqoyxyhgipiqyjkihlhyxnhjoh119","userId":"6"}', '2017-01-30 05:01:08', 6),
(310, 'usersModule - login API ', 'POST', '{"deviceId":"780fd0e9991d7d58","deviceType":"2","option":"imageCount","sessionToken":"408enpxmnaqoyxyhgipiqyjkihlhyxnhjoh119","userId":"6"}', '2017-01-30 05:01:09', 6),
(311, 'usersModule - login API ', 'POST', '{"deviceId":"780fd0e9991d7d58","deviceType":"2","option":"imageCount","sessionToken":"408enpxmnaqoyxyhgipiqyjkihlhyxnhjoh119","userId":"6"}', '2017-01-30 05:01:09', 6),
(312, 'usersModule - login API ', 'POST', '{"deviceId":"780fd0e9991d7d58","deviceType":"2","option":"imageCount","sessionToken":"408enpxmnaqoyxyhgipiqyjkihlhyxnhjoh119","userId":"6"}', '2017-01-30 05:01:09', 6),
(313, 'usersModule - login API ', 'POST', '{"deviceId":"780fd0e9991d7d58","deviceType":"2","option":"imageCount","sessionToken":"408enpxmnaqoyxyhgipiqyjkihlhyxnhjoh119","userId":"6"}', '2017-01-30 05:01:09', 6),
(314, 'usersModule - login API ', 'POST', '{"deviceId":"780fd0e9991d7d58","deviceType":"2","option":"imageCount","sessionToken":"408enpxmnaqoyxyhgipiqyjkihlhyxnhjoh119","userId":"6"}', '2017-01-30 05:01:09', 6),
(315, 'usersModule - login API ', 'POST', '{"deviceId":"780fd0e9991d7d58","deviceType":"2","option":"imageCount","sessionToken":"408enpxmnaqoyxyhgipiqyjkihlhyxnhjoh119","userId":"6"}', '2017-01-30 05:01:09', 6),
(316, 'usersModule - login API ', 'POST', '{"deviceId":"780fd0e9991d7d58","deviceType":"2","option":"imageCount","sessionToken":"408enpxmnaqoyxyhgipiqyjkihlhyxnhjoh119","userId":"6"}', '2017-01-30 05:01:09', 6),
(317, 'loginModule - forgetPwd API ', 'POST', '{"deviceId":"780fd0e9991d7d58","deviceType":"2","option":"userProfile","sessionToken":"408enpxmnaqoyxyhgipiqyjkihlhyxnhjoh119","userId":"6"}', '2017-01-30 05:01:09', 6),
(318, 'loginModule - forgetPwd API ', 'POST', '{"deviceId":"780fd0e9991d7d58","deviceType":"2","option":"userProfile","sessionToken":"408enpxmnaqoyxyhgipiqyjkihlhyxnhjoh119","userId":"6"}', '2017-01-30 05:01:09', 6),
(319, 'loginModule - forgetPwd API ', 'POST', '{"deviceId":"780fd0e9991d7d58","deviceType":"2","option":"userProfile","sessionToken":"408enpxmnaqoyxyhgipiqyjkihlhyxnhjoh119","userId":"6"}', '2017-01-30 05:01:11', 6),
(320, 'usersModule - login API ', 'POST', '{"deviceId":"780fd0e9991d7d58","deviceType":"2","option":"plansDetails","sessionToken":"408enpxmnaqoyxyhgipiqyjkihlhyxnhjoh119"}', '2017-01-30 05:01:11', NULL),
(321, 'usersModule - login API ', 'POST', '{"deviceId":"780fd0e9991d7d58","deviceType":"2","option":"userCardList","sessionToken":"408enpxmnaqoyxyhgipiqyjkihlhyxnhjoh119","userId":"6"}', '2017-01-30 05:01:11', 6),
(322, 'usersModule - login API ', 'POST', '{"deviceId":"780fd0e9991d7d58","deviceType":"2","option":"userCardList","sessionToken":"408enpxmnaqoyxyhgipiqyjkihlhyxnhjoh119","userId":"6"}', '2017-01-30 05:01:11', 6),
(323, 'loginModule - forgetPwd API ', 'POST', '{"deviceId":"780fd0e9991d7d58","deviceType":"2","option":"userProfile","sessionToken":"408enpxmnaqoyxyhgipiqyjkihlhyxnhjoh119","userId":"6"}', '2017-01-30 05:01:11', 6),
(324, 'loginModule - forgetPwd API ', 'POST', '{"deviceId":"780fd0e9991d7d58","deviceType":"2","option":"userProfile","sessionToken":"408enpxmnaqoyxyhgipiqyjkihlhyxnhjoh119","userId":"6"}', '2017-01-30 05:01:11', 6),
(325, 'loginModule - forgetPwd API ', 'POST', '{"deviceId":"780fd0e9991d7d58","deviceType":"2","option":"userProfile","sessionToken":"408enpxmnaqoyxyhgipiqyjkihlhyxnhjoh119","userId":"6"}', '2017-01-30 05:01:11', 6),
(326, 'loginModule - forgetPwd API ', 'POST', '{"deviceId":"780fd0e9991d7d58","deviceType":"2","option":"userProfile","sessionToken":"408enpxmnaqoyxyhgipiqyjkihlhyxnhjoh119","userId":"6"}', '2017-01-30 05:01:11', 6),
(327, 'usersModule - login API ', 'POST', '{"deviceId":"780fd0e9991d7d58","deviceType":"2","option":"imageCount","sessionToken":"408enpxmnaqoyxyhgipiqyjkihlhyxnhjoh119","userId":"6"}', '2017-01-30 05:01:11', 6),
(328, 'usersModule - login API ', 'POST', '{"deviceId":"780fd0e9991d7d58","deviceType":"2","option":"imageCount","sessionToken":"408enpxmnaqoyxyhgipiqyjkihlhyxnhjoh119","userId":"6"}', '2017-01-30 05:01:11', 6),
(329, 'usersModule - login API ', 'POST', '{"deviceId":"1","deviceType":"1","email":"a@a.com","password":"qwerty","option":"login"}', '2017-01-30 06:01:02', NULL),
(330, 'usersModule - login API ', 'POST', '{"deviceId":"1","deviceType":"1","option":"userCardList","sessionToken":"270owqcdvicfhxidpxnilfdvzwowwjfnraa220","userId":"2"}', '2017-01-30 06:01:02', 2),
(331, 'usersModule - login API ', 'POST', '{"deviceId":"1","deviceType":"1","email":"new@new.com","password":"new","option":"login"}', '2017-01-30 06:01:24', NULL),
(332, 'usersModule - login API ', 'POST', '{"deviceId":"1","deviceType":"1","option":"userCardList","sessionToken":"361pcsemteixrecnwlaindcflryovdnnbog167","userId":"6"}', '2017-01-30 06:01:24', 6),
(333, 'usersModule - login API ', 'POST', '{"option":"editCardDetails","sessionToken":"361pcsemteixrecnwlaindcflryovdnnbog167","deviceId":"1","deviceType":"1","userId":"6","cardHolderName":"ankita singh","expiryMonth":"12","expiryYear":"2027","cardId":"card_19gv53BZMRlMI3U4ol5bBpru","brand":"Pay","funding":"debit"}', '2017-01-30 06:01:25', 6),
(334, 'usersModule - login API ', 'POST', '{"deviceId":"1","deviceType":"1","option":"userCardList","sessionToken":"361pcsemteixrecnwlaindcflryovdnnbog167","userId":"6"}', '2017-01-30 06:01:26', 6),
(335, 'usersModule - login API ', 'POST', '{"sessionToken":"361pcsemteixrecnwlaindcflryovdnnbog167","deviceId":"1","deviceType":"1","userId":"6","cardId":"card_19gv53BZMRlMI3U4ol5bBpru","option":"deleteCardDetails"}', '2017-01-30 06:01:26', 6),
(336, 'usersModule - login API ', 'POST', '{"deviceId":"1","deviceType":"1","option":"userCardList","sessionToken":"361pcsemteixrecnwlaindcflryovdnnbog167","userId":"6"}', '2017-01-30 06:01:26', 6),
(337, 'usersModule - login API ', 'POST', '{"deviceId":"780fd0e9991d7d58","deviceType":"2","option":"login","email":"new@new.com","password":"neq"}', '2017-01-30 06:01:32', NULL),
(338, 'usersModule - login API ', 'POST', '{"deviceId":"780fd0e9991d7d58","deviceType":"2","option":"login","email":"new@new.com","password":"new"}', '2017-01-30 06:01:32', NULL),
(339, 'loginModule - forgetPwd API ', 'POST', '{"deviceId":"780fd0e9991d7d58","deviceType":"2","option":"userExtraDetails","phoneNumber":"1234567890","country":"USA"}', '2017-01-30 06:01:32', NULL),
(340, 'usersModule - login API ', 'POST', '{"deviceId":"780fd0e9991d7d58","deviceType":"2","option":"imageCount","sessionToken":"569khxamzxanlbidwstdganyrbaridgcsoq312","userId":"6"}', '2017-01-30 06:01:33', 6),
(341, 'usersModule - login API ', 'POST', '{"deviceId":"780fd0e9991d7d58","deviceType":"2","option":"userCardList","sessionToken":"569khxamzxanlbidwstdganyrbaridgcsoq312","userId":"6"}', '2017-01-30 06:01:33', 6),
(342, 'usersModule - login API ', 'POST', '{"deviceId":"780fd0e9991d7d58","deviceType":"2","option":"userCardList","sessionToken":"569khxamzxanlbidwstdganyrbaridgcsoq312","userId":"6"}', '2017-01-30 06:01:33', 6),
(343, 'usersModule - login API ', 'POST', '{"deviceId":"780fd0e9991d7d58","deviceType":"2","option":"userCardList","sessionToken":"569khxamzxanlbidwstdganyrbaridgcsoq312","userId":"6"}', '2017-01-30 06:01:33', 6),
(344, 'usersModule - login API ', 'POST', '{"deviceId":"780fd0e9991d7d58","deviceType":"2","option":"imageCount","sessionToken":"569khxamzxanlbidwstdganyrbaridgcsoq312","userId":"6"}', '2017-01-30 06:01:35', 6),
(345, 'usersModule - login API ', 'POST', '{"deviceId":"780fd0e9991d7d58","deviceType":"2","option":"userCardList","sessionToken":"569khxamzxanlbidwstdganyrbaridgcsoq312","userId":"6"}', '2017-01-30 06:01:35', 6),
(346, 'usersModule - login API ', 'POST', '{"deviceId":"780fd0e9991d7d58","deviceType":"2","option":"userCardList","sessionToken":"569khxamzxanlbidwstdganyrbaridgcsoq312","userId":"6"}', '2017-01-30 06:01:35', 6),
(347, 'usersModule - login API ', 'POST', '{"deviceId":"780fd0e9991d7d58","deviceType":"2","option":"imageCount","sessionToken":"569khxamzxanlbidwstdganyrbaridgcsoq312","userId":"6"}', '2017-01-30 06:01:35', 6),
(348, 'usersModule - login API ', 'POST', '{"deviceId":"780fd0e9991d7d58","deviceType":"2","option":"imageCount","sessionToken":"569khxamzxanlbidwstdganyrbaridgcsoq312","userId":"6"}', '2017-01-30 06:01:35', 6),
(349, 'loginModule - forgetPwd API ', 'POST', '{"deviceId":"780fd0e9991d7d58","deviceType":"2","option":"userProfile","sessionToken":"569khxamzxanlbidwstdganyrbaridgcsoq312","userId":"6"}', '2017-01-30 06:01:35', 6),
(350, 'loginModule - forgetPwd API ', 'POST', '{"deviceId":"780fd0e9991d7d58","deviceType":"2","option":"userProfile","sessionToken":"569khxamzxanlbidwstdganyrbaridgcsoq312","userId":"6"}', '2017-01-30 06:01:35', 6),
(351, 'loginModule - forgetPwd API ', 'POST', '{"deviceId":"780fd0e9991d7d58","deviceType":"2","option":"userProfile","sessionToken":"569khxamzxanlbidwstdganyrbaridgcsoq312","userId":"6"}', '2017-01-30 06:01:36', 6),
(352, 'usersModule - login API ', 'POST', '{"deviceId":"780fd0e9991d7d58","deviceType":"2","option":"userCardList","sessionToken":"569khxamzxanlbidwstdganyrbaridgcsoq312","userId":"6"}', '2017-01-30 06:01:36', 6),
(353, 'usersModule - login API ', 'POST', '{"deviceId":"780fd0e9991d7d58","deviceType":"2","option":"userCardList","sessionToken":"569khxamzxanlbidwstdganyrbaridgcsoq312","userId":"6"}', '2017-01-30 06:01:36', 6),
(354, 'usersModule - login API ', 'POST', '{"deviceId":"780fd0e9991d7d58","deviceType":"2","option":"userCardList","sessionToken":"569khxamzxanlbidwstdganyrbaridgcsoq312","userId":"6"}', '2017-01-30 06:01:38', 6),
(355, 'usersModule - login API ', 'POST', '{"deviceId":"780fd0e9991d7d58","deviceType":"2","option":"userCardList","sessionToken":"569khxamzxanlbidwstdganyrbaridgcsoq312","userId":"6"}', '2017-01-30 06:01:38', 6),
(356, 'usersModule - login API ', 'POST', '{"deviceId":"780fd0e9991d7d58","deviceType":"2","option":"userCardList","sessionToken":"569khxamzxanlbidwstdganyrbaridgcsoq312","userId":"6"}', '2017-01-30 06:01:42', 6),
(357, 'usersModule - login API ', 'POST', '{"deviceId":"780fd0e9991d7d58","deviceType":"2","option":"userCardList","sessionToken":"569khxamzxanlbidwstdganyrbaridgcsoq312","userId":"6"}', '2017-01-30 06:01:47', 6),
(358, 'usersModule - login API ', 'POST', '{"deviceId":"780fd0e9991d7d58","deviceType":"2","option":"userCardList","sessionToken":"569khxamzxanlbidwstdganyrbaridgcsoq312","userId":"6"}', '2017-01-30 06:01:47', 6),
(359, 'usersModule - login API ', 'POST', '{"deviceId":"780fd0e9991d7d58","deviceType":"2","option":"userCardList","sessionToken":"569khxamzxanlbidwstdganyrbaridgcsoq312","userId":"6"}', '2017-01-30 06:01:58', 6),
(360, 'usersModule - login API ', 'POST', '{"deviceId":"780fd0e9991d7d58","deviceType":"2","option":"userCardList","sessionToken":"569khxamzxanlbidwstdganyrbaridgcsoq312","userId":"6"}', '2017-01-30 06:01:59', 6),
(361, 'usersModule - login API ', 'POST', '{"deviceId":"780fd0e9991d7d58","deviceType":"2","option":"userCardList","sessionToken":"569khxamzxanlbidwstdganyrbaridgcsoq312","userId":"6"}', '2017-01-30 07:01:03', 6),
(362, 'usersModule - login API ', 'POST', '{"deviceId":"780fd0e9991d7d58","deviceType":"2","option":"imageCount","sessionToken":"569khxamzxanlbidwstdganyrbaridgcsoq312","userId":"6"}', '2017-01-30 07:01:13', 6),
(363, 'usersModule - login API ', 'POST', '{"deviceId":"780fd0e9991d7d58","deviceType":"2","option":"userCardList","sessionToken":"569khxamzxanlbidwstdganyrbaridgcsoq312","userId":"6"}', '2017-01-30 07:01:13', 6),
(364, 'usersModule - login API ', 'POST', '{"deviceId":"780fd0e9991d7d58","deviceType":"2","option":"userCardList","sessionToken":"569khxamzxanlbidwstdganyrbaridgcsoq312","userId":"6"}', '2017-01-30 07:01:13', 6),
(365, 'usersModule - login API ', 'POST', '{"deviceId":"780fd0e9991d7d58","deviceType":"2","option":"userCardList","sessionToken":"569khxamzxanlbidwstdganyrbaridgcsoq312","userId":"6"}', '2017-01-30 07:01:13', 6),
(366, 'usersModule - login API ', 'POST', '{"deviceId":"780fd0e9991d7d58","deviceType":"2","option":"imageCount","sessionToken":"569khxamzxanlbidwstdganyrbaridgcsoq312","userId":"6"}', '2017-01-30 07:01:28', 6),
(367, 'usersModule - login API ', 'POST', '{"deviceId":"780fd0e9991d7d58","deviceType":"2","option":"plansDetails","sessionToken":"569khxamzxanlbidwstdganyrbaridgcsoq312"}', '2017-01-30 07:01:29', NULL),
(368, 'usersModule - login API ', 'POST', '{"deviceId":"780fd0e9991d7d58","deviceType":"2","option":"imageCount","sessionToken":"569khxamzxanlbidwstdganyrbaridgcsoq312","userId":"6"}', '2017-01-30 07:01:29', 6),
(369, 'loginModule - forgetPwd API ', 'POST', '{"deviceId":"780fd0e9991d7d58","deviceType":"2","option":"userProfile","sessionToken":"569khxamzxanlbidwstdganyrbaridgcsoq312","userId":"6"}', '2017-01-30 07:01:29', 6),
(370, 'loginModule - forgetPwd API ', 'POST', '{"deviceId":"780fd0e9991d7d58","deviceType":"2","option":"userProfile","sessionToken":"569khxamzxanlbidwstdganyrbaridgcsoq312","userId":"6"}', '2017-01-30 07:01:29', 6),
(371, 'usersModule - login API ', 'POST', '{"deviceId":"780fd0e9991d7d58","deviceType":"2","option":"userCardList","sessionToken":"569khxamzxanlbidwstdganyrbaridgcsoq312","userId":"6"}', '2017-01-30 07:01:29', 6),
(372, 'usersModule - login API ', 'POST', '{"deviceId":"780fd0e9991d7d58","deviceType":"2","option":"userCardList","sessionToken":"569khxamzxanlbidwstdganyrbaridgcsoq312","userId":"6"}', '2017-01-30 07:01:29', 6),
(373, 'usersModule - login API ', 'POST', '{"deviceId":"780fd0e9991d7d58","deviceType":"2","option":"login","email":"new@new.com","password":"new"}', '2017-01-30 07:01:45', NULL),
(374, 'loginModule - forgetPwd API ', 'POST', '{"deviceId":"780fd0e9991d7d58","deviceType":"2","option":"userExtraDetails","phoneNumber":"1234567890","country":"Mexico"}', '2017-01-30 07:01:45', NULL),
(375, 'usersModule - login API ', 'POST', '{"deviceId":"780fd0e9991d7d58","deviceType":"2","option":"imageCount","sessionToken":"619xttlxelcraogigdrbvyxqnlmttbjkhei294","userId":"6"}', '2017-01-30 07:01:45', 6),
(376, 'usersModule - login API ', 'POST', '{"deviceId":"780fd0e9991d7d58","deviceType":"2","option":"userCardList","sessionToken":"619xttlxelcraogigdrbvyxqnlmttbjkhei294","userId":"6"}', '2017-01-30 07:01:45', 6),
(377, 'usersModule - login API ', 'POST', '{"deviceId":"780fd0e9991d7d58","deviceType":"2","option":"userCardList","sessionToken":"619xttlxelcraogigdrbvyxqnlmttbjkhei294","userId":"6"}', '2017-01-30 07:01:45', 6),
(378, 'usersModule - login API ', 'POST', '{"deviceId":"780fd0e9991d7d58","deviceType":"2","option":"userCardList","sessionToken":"619xttlxelcraogigdrbvyxqnlmttbjkhei294","userId":"6"}', '2017-01-30 08:01:42', 6),
(379, 'usersModule - login API ', 'POST', '{"deviceId":"780fd0e9991d7d58","deviceType":"2","option":"imageCount","sessionToken":"619xttlxelcraogigdrbvyxqnlmttbjkhei294","userId":"6"}', '2017-01-30 08:01:44', 6),
(380, 'usersModule - login API ', 'POST', '{"deviceId":"780fd0e9991d7d58","deviceType":"2","option":"userCardList","sessionToken":"619xttlxelcraogigdrbvyxqnlmttbjkhei294","userId":"6"}', '2017-01-30 08:01:44', 6),
(381, 'usersModule - login API ', 'POST', '{"deviceId":"780fd0e9991d7d58","deviceType":"2","option":"userCardList","sessionToken":"619xttlxelcraogigdrbvyxqnlmttbjkhei294","userId":"6"}', '2017-01-30 08:01:44', 6),
(382, 'usersModule - login API ', 'POST', '{"deviceId":1,"deviceType":1,"option":"deleteCardDetails","sessionToken":"361pcsemteixrecnwlaindcflryovdnnbog167","userId":6,"cardId":"card_19gv53BZMRlMI3U4ol5bBpru"}', '2017-01-30 08:01:44', 6),
(383, 'usersModule - login API ', 'POST', '{"deviceId":1,"deviceType":1,"option":"deleteCardDetails","sessionToken":"361pcsemteixrecnwlaindcflryovdnnbog167","userId":6,"cardId":"card_19gv53BZMRlMI3U4ol5bBpru"}', '2017-01-30 08:01:44', 6),
(384, 'usersModule - login API ', 'POST', '{"deviceId":1,"deviceType":1,"option":"deleteCardDetails","sessionToken":"361pcsemteixrecnwlaindcflryovdnnbog167","userId":6,"cardId":"card_19gv53BZMRlMI3U4ol5bBpru"}', '2017-01-30 08:01:44', 6),
(385, 'usersModule - login API ', 'POST', '{"deviceId":1,"deviceType":1,"option":"deleteCardDetails","sessionToken":"361pcsemteixrecnwlaindcflryovdnnbog167","userId":6,"cardId":"card_19gv53BZMRlMI3U4ol5bBpru"}', '2017-01-30 08:01:44', 6),
(386, 'usersModule - login API ', 'POST', '{"deviceId":1,"deviceType":1,"option":"deleteCardDetails","sessionToken":"361pcsemteixrecnwlaindcflryovdnnbog167","userId":6,"cardId":"card_19gv53BZMRlMI3U4ol5bBpru"}', '2017-01-30 08:01:44', 6),
(387, 'usersModule - login API ', 'POST', '{"deviceId":1,"deviceType":1,"option":"deleteCardDetails","sessionToken":"361pcsemteixrecnwlaindcflryovdnnbog167","userId":6,"cardId":"card_19gv53BZMRlMI3U4ol5bBpru"}', '2017-01-30 08:01:44', 6),
(388, 'usersModule - login API ', 'POST', '{"deviceId":1,"deviceType":1,"option":"deleteCardDetails","sessionToken":"361pcsemteixrecnwlaindcflryovdnnbog167","userId":6,"cardId":"card_19gv53BZMRlMI3U4ol5bBpru"}', '2017-01-30 08:01:44', 6),
(389, 'usersModule - login API ', 'POST', '{"deviceId":1,"deviceType":1,"option":"deleteCardDetails","sessionToken":"361pcsemteixrecnwlaindcflryovdnnbog167","userId":6,"cardId":"card_19gv53BZMRlMI3U4ol5bBpru"}', '2017-01-30 08:01:44', 6),
(390, 'usersModule - login API ', 'POST', '{"deviceId":"780fd0e9991d7d58","deviceType":"2","option":"imageCount","sessionToken":"619xttlxelcraogigdrbvyxqnlmttbjkhei294","userId":"6"}', '2017-01-30 08:01:47', 6),
(391, 'usersModule - login API ', 'POST', '{"deviceId":"780fd0e9991d7d58","deviceType":"2","option":"userCardList","sessionToken":"619xttlxelcraogigdrbvyxqnlmttbjkhei294","userId":"6"}', '2017-01-30 08:01:47', 6),
(392, 'usersModule - login API ', 'POST', '{"deviceId":"780fd0e9991d7d58","deviceType":"2","option":"userCardList","sessionToken":"619xttlxelcraogigdrbvyxqnlmttbjkhei294","userId":"6"}', '2017-01-30 08:01:47', 6),
(393, 'usersModule - login API ', 'POST', '{"deviceId":1,"deviceType":1,"option":"deleteCardDetails","sessionToken":"361pcsemteixrecnwlaindcflryovdnnbog167","userId":6,"cardId":"card_19gv53BZMRlMI3U4ol5bBpru"}', '2017-01-30 08:01:47', 6),
(394, 'usersModule - login API ', 'POST', '{"deviceId":1,"deviceType":1,"option":"deleteCardDetails","sessionToken":"361pcsemteixrecnwlaindcflryovdnnbog167","userId":6,"cardId":"card_19gv53BZMRlMI3U4ol5bBpru"}', '2017-01-30 08:01:47', 6),
(395, 'usersModule - login API ', 'POST', '{"deviceId":1,"deviceType":1,"option":"deleteCardDetails","sessionToken":"361pcsemteixrecnwlaindcflryovdnnbog167","userId":6,"cardId":"card_19gv53BZMRlMI3U4ol5bBpru"}', '2017-01-30 08:01:47', 6),
(396, 'usersModule - login API ', 'POST', '{"deviceId":1,"deviceType":1,"option":"deleteCardDetails","sessionToken":"361pcsemteixrecnwlaindcflryovdnnbog167","userId":6,"cardId":"card_19gv53BZMRlMI3U4ol5bBpru"}', '2017-01-30 08:01:47', 6),
(397, 'usersModule - login API ', 'POST', '{"deviceId":1,"deviceType":1,"option":"deleteCardDetails","sessionToken":"361pcsemteixrecnwlaindcflryovdnnbog167","userId":6,"cardId":"card_19gv53BZMRlMI3U4ol5bBpru"}', '2017-01-30 08:01:50', 6),
(398, 'usersModule - login API ', 'POST', '{"deviceId":1,"deviceType":1,"option":"deleteCardDetails","sessionToken":"361pcsemteixrecnwlaindcflryovdnnbog167","userId":6,"cardId":"card_19gv53BZMRlMI3U4ol5bBpru"}', '2017-01-30 08:01:50', 6),
(399, 'usersModule - login API ', 'POST', '{"deviceId":"780fd0e9991d7d58","deviceType":"2","option":"imageCount","sessionToken":"619xttlxelcraogigdrbvyxqnlmttbjkhei294","userId":"6"}', '2017-01-30 08:01:51', 6),
(400, 'usersModule - login API ', 'POST', '{"deviceId":"780fd0e9991d7d58","deviceType":"2","option":"userCardList","sessionToken":"619xttlxelcraogigdrbvyxqnlmttbjkhei294","userId":"6"}', '2017-01-30 08:01:51', 6),
(401, 'usersModule - login API ', 'POST', '{"deviceId":"780fd0e9991d7d58","deviceType":"2","option":"userCardList","sessionToken":"619xttlxelcraogigdrbvyxqnlmttbjkhei294","userId":"6"}', '2017-01-30 08:01:51', 6),
(402, 'usersModule - login API ', 'POST', '{"deviceId":1,"deviceType":1,"option":"deleteCardDetails","sessionToken":"361pcsemteixrecnwlaindcflryovdnnbog167","userId":6,"cardId":"card_19gv53BZMRlMI3U4ol5bBpru"}', '2017-01-30 08:01:51', 6),
(403, 'usersModule - login API ', 'POST', '{"deviceId":1,"deviceType":1,"option":"deleteCardDetails","sessionToken":"361pcsemteixrecnwlaindcflryovdnnbog167","userId":6,"cardId":"card_19gv53BZMRlMI3U4ol5bBpru"}', '2017-01-30 08:01:52', 6),
(404, 'usersModule - login API ', 'POST', '{"deviceId":1,"deviceType":1,"option":"deleteCardDetails","sessionToken":"361pcsemteixrecnwlaindcflryovdnnbog167","userId":6,"cardId":"card_19gv53BZMRlMI3U4ol5bBpru"}', '2017-01-30 08:01:53', 6),
(405, 'usersModule - login API ', 'POST', '{"deviceId":1,"deviceType":1,"option":"deleteCardDetails","sessionToken":"361pcsemteixrecnwlaindcflryovdnnbog167","userId":6,"cardId":"card_19gv53BZMRlMI3U4ol5bBpru"}', '2017-01-30 08:01:56', 6),
(406, 'usersModule - login API ', 'POST', '{"deviceId":1,"deviceType":1,"option":"deleteCardDetails","sessionToken":"361pcsemteixrecnwlaindcflryovdnnbog167","userId":6,"cardId":"card_19gv53BZMRlMI3U4ol5bBpru"}', '2017-01-30 08:01:56', 6),
(407, 'usersModule - login API ', 'POST', '{"deviceId":"780fd0e9991d7d58","deviceType":"2","option":"userCardList","sessionToken":"619xttlxelcraogigdrbvyxqnlmttbjkhei294","userId":"6"}', '2017-01-30 08:01:57', 6),
(408, 'usersModule - login API ', 'POST', '{"deviceId":1,"deviceType":1,"option":"deleteCardDetails","sessionToken":"361pcsemteixrecnwlaindcflryovdnnbog167","userId":6,"cardId":"card_19gv53BZMRlMI3U4ol5bBpru"}', '2017-01-30 08:01:59', 6),
(409, 'usersModule - login API ', 'POST', '{"deviceId":1,"deviceType":1,"option":"deleteCardDetails","sessionToken":"361pcsemteixrecnwlaindcflryovdnnbog167","userId":6,"cardId":"card_19gv53BZMRlMI3U4ol5bBpru"}', '2017-01-30 08:01:59', 6),
(410, 'usersModule - login API ', 'POST', '{"deviceId":1,"deviceType":1,"option":"deleteCardDetails","sessionToken":"361pcsemteixrecnwlaindcflryovdnnbog167","userId":6,"cardId":"card_19gv53BZMRlMI3U4ol5bBpru"}', '2017-01-30 09:01:00', 6),
(411, 'usersModule - login API ', 'POST', '{"deviceId":1,"deviceType":1,"option":"deleteCardDetails","sessionToken":"361pcsemteixrecnwlaindcflryovdnnbog167","userId":6,"cardId":"card_19gv53BZMRlMI3U4ol5bBpru"}', '2017-01-30 09:01:01', 6),
(412, 'usersModule - login API ', 'POST', '{"deviceId":1,"deviceType":1,"option":"deleteCardDetails","sessionToken":"361pcsemteixrecnwlaindcflryovdnnbog167","userId":6,"cardId":"card_19gv53BZMRlMI3U4ol5bBpru"}', '2017-01-30 09:01:01', 6),
(413, 'usersModule - login API ', 'POST', '{"deviceId":"780fd0e9991d7d58","deviceType":"2","option":"imageCount","sessionToken":"619xttlxelcraogigdrbvyxqnlmttbjkhei294","userId":"6"}', '2017-01-30 09:01:02', 6),
(414, 'usersModule - login API ', 'POST', '{"deviceId":"780fd0e9991d7d58","deviceType":"2","option":"userCardList","sessionToken":"619xttlxelcraogigdrbvyxqnlmttbjkhei294","userId":"6"}', '2017-01-30 09:01:02', 6),
(415, 'usersModule - login API ', 'POST', '{"deviceId":"780fd0e9991d7d58","deviceType":"2","option":"userCardList","sessionToken":"619xttlxelcraogigdrbvyxqnlmttbjkhei294","userId":"6"}', '2017-01-30 09:01:02', 6),
(416, 'usersModule - login API ', 'POST', '{"deviceId":1,"deviceType":1,"option":"deleteCardDetails","sessionToken":"361pcsemteixrecnwlaindcflryovdnnbog167","userId":6,"cardId":"card_19gv53BZMRlMI3U4ol5bBpru"}', '2017-01-30 09:01:06', 6),
(417, 'usersModule - login API ', 'POST', '{"deviceId":"780fd0e9991d7d58","deviceType":"2","option":"imageCount","sessionToken":"619xttlxelcraogigdrbvyxqnlmttbjkhei294","userId":"6"}', '2017-01-30 09:01:10', 6),
(418, 'usersModule - login API ', 'POST', '{"deviceId":"780fd0e9991d7d58","deviceType":"2","option":"userCardList","sessionToken":"619xttlxelcraogigdrbvyxqnlmttbjkhei294","userId":"6"}', '2017-01-30 09:01:10', 6),
(419, 'usersModule - login API ', 'POST', '{"deviceId":"780fd0e9991d7d58","deviceType":"2","option":"userCardList","sessionToken":"619xttlxelcraogigdrbvyxqnlmttbjkhei294","userId":"6"}', '2017-01-30 09:01:10', 6),
(420, 'usersModule - login API ', 'POST', '{"deviceId":1,"deviceType":1,"option":"deleteCardDetails","sessionToken":"361pcsemteixrecnwlaindcflryovdnnbog167","userId":6,"cardId":"card_19gv53BZMRlMI3U4ol5bBpru"}', '2017-01-30 09:01:10', 6),
(421, 'usersModule - login API ', 'POST', '{"deviceId":1,"deviceType":1,"option":"deleteCardDetails","sessionToken":"361pcsemteixrecnwlaindcflryovdnnbog167","userId":6,"cardId":"card_19gv53BZMRlMI3U4ol5bBpru"}', '2017-01-30 09:01:11', 6),
(422, 'usersModule - login API ', 'POST', '{"deviceId":"1","deviceType":"1","email":"a@A.COM","password":"a","option":"login"}', '2017-01-30 09:01:17', NULL),
(423, 'usersModule - login API ', 'POST', '{"deviceId":"1","deviceType":"1","email":"a@a.COM","password":"qwerty","option":"login"}', '2017-01-30 09:01:18', NULL),
(424, 'usersModule - login API ', 'POST', '{"deviceId":"1","deviceType":"1","option":"paymenttostripe","sessionToken":"460bwzpfkwhrdmfctyogosbdrufgyngthuc159","userId":"2","stripeToken":"tok_19gvrvBZMRlMI3U4p1Iy3Z0T","planId":"4","amount":"1500","currency":"USD","description":"desc","tokenType":"0"}', '2017-01-30 09:01:18', 2),
(425, 'usersModule - login API ', 'POST', '{"deviceId":"1","deviceType":"1","option":"paymenttostripe","sessionToken":"460bwzpfkwhrdmfctyogosbdrufgyngthuc159","userId":"2","stripeToken":"tok_19gu5tBZMRlMI3U4GUiScUUu","planId":"4","amount":"1500","currency":"USD","description":"desc","tokenType":"0"}', '2017-01-30 09:01:19', 2),
(426, 'usersModule - login API ', 'POST', '{"deviceId":"780fd0e9991d7d58","deviceType":"2","option":"imageCount","sessionToken":"619xttlxelcraogigdrbvyxqnlmttbjkhei294","userId":"6"}', '2017-01-30 09:01:31', 6),
(427, 'usersModule - login API ', 'POST', '{"deviceId":"780fd0e9991d7d58","deviceType":"2","option":"userCardList","sessionToken":"619xttlxelcraogigdrbvyxqnlmttbjkhei294","userId":"6"}', '2017-01-30 09:01:31', 6),
(428, 'usersModule - login API ', 'POST', '{"deviceId":"780fd0e9991d7d58","deviceType":"2","option":"userCardList","sessionToken":"619xttlxelcraogigdrbvyxqnlmttbjkhei294","userId":"6"}', '2017-01-30 09:01:31', 6),
(429, 'usersModule - login API ', 'POST', '{"deviceId":1,"deviceType":1,"option":"deleteCardDetails","sessionToken":"361pcsemteixrecnwlaindcflryovdnnbog167","userId":6,"cardId":"card_19gv53BZMRlMI3U4ol5bBpru"}', '2017-01-30 09:01:31', 6),
(430, 'usersModule - login API ', 'POST', '{"deviceId":1,"deviceType":1,"option":"deleteCardDetails","sessionToken":"361pcsemteixrecnwlaindcflryovdnnbog167","userId":6,"cardId":"card_19gv53BZMRlMI3U4ol5bBpru"}', '2017-01-30 09:01:32', 6),
(431, 'usersModule - login API ', 'POST', '{"deviceId":1,"deviceType":1,"option":"deleteCardDetails","sessionToken":"361pcsemteixrecnwlaindcflryovdnnbog167","userId":6,"cardId":"card_19gv53BZMRlMI3U4ol5bBpru"}', '2017-01-30 09:01:32', 6),
(432, 'usersModule - login API ', 'POST', '{"deviceId":"780fd0e9991d7d58","deviceType":"2","option":"imageCount","sessionToken":"619xttlxelcraogigdrbvyxqnlmttbjkhei294","userId":"6"}', '2017-01-30 09:01:33', 6),
(433, 'usersModule - login API ', 'POST', '{"deviceId":"780fd0e9991d7d58","deviceType":"2","option":"userCardList","sessionToken":"619xttlxelcraogigdrbvyxqnlmttbjkhei294","userId":"6"}', '2017-01-30 09:01:33', 6),
(434, 'usersModule - login API ', 'POST', '{"deviceId":"780fd0e9991d7d58","deviceType":"2","option":"userCardList","sessionToken":"619xttlxelcraogigdrbvyxqnlmttbjkhei294","userId":"6"}', '2017-01-30 09:01:33', 6),
(435, 'usersModule - login API ', 'POST', '{"deviceId":"780fd0e9991d7d58","deviceType":"2","option":"userCardList","sessionToken":"619xttlxelcraogigdrbvyxqnlmttbjkhei294","userId":"6"}', '2017-01-30 09:01:33', 6),
(436, 'usersModule - login API ', 'POST', '{"deviceId":1,"deviceType":1,"option":"deleteCardDetails","sessionToken":"361pcsemteixrecnwlaindcflryovdnnbog167","userId":6,"cardId":"card_19gv53BZMRlMI3U4ol5bBpru"}', '2017-01-30 09:01:33', 6),
(437, 'usersModule - login API ', 'POST', '{"deviceId":1,"deviceType":1,"option":"deleteCardDetails","sessionToken":"361pcsemteixrecnwlaindcflryovdnnbog167","userId":6,"cardId":"card_19gv53BZMRlMI3U4ol5bBpru"}', '2017-01-30 09:01:33', 6),
(438, 'usersModule - login API ', 'POST', '{"deviceId":"780fd0e9991d7d58","deviceType":"2","option":"imageCount","sessionToken":"619xttlxelcraogigdrbvyxqnlmttbjkhei294","userId":"6"}', '2017-01-30 09:01:34', 6),
(439, 'usersModule - login API ', 'POST', '{"deviceId":"780fd0e9991d7d58","deviceType":"2","option":"userCardList","sessionToken":"619xttlxelcraogigdrbvyxqnlmttbjkhei294","userId":"6"}', '2017-01-30 09:01:34', 6),
(440, 'usersModule - login API ', 'POST', '{"deviceId":"780fd0e9991d7d58","deviceType":"2","option":"userCardList","sessionToken":"619xttlxelcraogigdrbvyxqnlmttbjkhei294","userId":"6"}', '2017-01-30 09:01:34', 6),
(441, 'usersModule - login API ', 'POST', '{"deviceId":1,"deviceType":1,"option":"deleteCardDetails","sessionToken":"361pcsemteixrecnwlaindcflryovdnnbog167","userId":6,"cardId":"card_19gv53BZMRlMI3U4ol5bBpru"}', '2017-01-30 09:01:34', 6),
(442, 'usersModule - login API ', 'POST', '{"deviceId":1,"deviceType":1,"option":"deleteCardDetails","sessionToken":"361pcsemteixrecnwlaindcflryovdnnbog167","userId":6,"cardId":"card_19gv53BZMRlMI3U4ol5bBpru"}', '2017-01-30 09:01:35', 6);
INSERT INTO `store_posts` (`id`, `module_name`, `type_of_request`, `request_content`, `created_on`, `created_by`) VALUES
(443, 'usersModule - login API ', 'POST', '{"deviceId":1,"deviceType":1,"option":"deleteCardDetails","sessionToken":"361pcsemteixrecnwlaindcflryovdnnbog167","userId":6,"cardId":"card_19gv53BZMRlMI3U4ol5bBpru"}', '2017-01-30 09:01:35', 6),
(444, 'usersModule - login API ', 'POST', '{"deviceId":"780fd0e9991d7d58","deviceType":"2","option":"imageCount","sessionToken":"619xttlxelcraogigdrbvyxqnlmttbjkhei294","userId":"6"}', '2017-01-30 09:01:42', 6),
(445, 'usersModule - login API ', 'POST', '{"deviceId":"780fd0e9991d7d58","deviceType":"2","option":"userCardList","sessionToken":"619xttlxelcraogigdrbvyxqnlmttbjkhei294","userId":"6"}', '2017-01-30 09:01:42', 6),
(446, 'usersModule - login API ', 'POST', '{"deviceId":"780fd0e9991d7d58","deviceType":"2","option":"userCardList","sessionToken":"619xttlxelcraogigdrbvyxqnlmttbjkhei294","userId":"6"}', '2017-01-30 09:01:42', 6),
(447, 'usersModule - login API ', 'POST', '{"deviceId":"780fd0e9991d7d58","deviceType":"2","option":"imageCount","sessionToken":"619xttlxelcraogigdrbvyxqnlmttbjkhei294","userId":"6"}', '2017-01-30 09:01:43', 6),
(448, 'usersModule - login API ', 'POST', '{"deviceId":"780fd0e9991d7d58","deviceType":"2","option":"userCardList","sessionToken":"619xttlxelcraogigdrbvyxqnlmttbjkhei294","userId":"6"}', '2017-01-30 09:01:43', 6),
(449, 'usersModule - login API ', 'POST', '{"deviceId":"780fd0e9991d7d58","deviceType":"2","option":"userCardList","sessionToken":"619xttlxelcraogigdrbvyxqnlmttbjkhei294","userId":"6"}', '2017-01-30 09:01:43', 6),
(450, 'usersModule - login API ', 'POST', '{"deviceId":"780fd0e9991d7d58","deviceType":"2","option":"deleteCardDetails","sessionToken":"619xttlxelcraogigdrbvyxqnlmttbjkhei294","userId":"6","cardId":"card_19gv53BZMRlMI3U4ol5bBpru"}', '2017-01-30 09:01:44', 6),
(451, 'usersModule - login API ', 'POST', '{"deviceId":"780fd0e9991d7d58","deviceType":"2","option":"imageCount","sessionToken":"619xttlxelcraogigdrbvyxqnlmttbjkhei294","userId":"6"}', '2017-01-30 09:01:46', 6),
(452, 'usersModule - login API ', 'POST', '{"deviceId":"780fd0e9991d7d58","deviceType":"2","option":"userCardList","sessionToken":"619xttlxelcraogigdrbvyxqnlmttbjkhei294","userId":"6"}', '2017-01-30 09:01:46', 6),
(453, 'usersModule - login API ', 'POST', '{"deviceId":"780fd0e9991d7d58","deviceType":"2","option":"userCardList","sessionToken":"619xttlxelcraogigdrbvyxqnlmttbjkhei294","userId":"6"}', '2017-01-30 09:01:46', 6),
(454, 'usersModule - login API ', 'POST', '{"deviceId":"780fd0e9991d7d58","deviceType":"2","option":"deleteCardDetails","sessionToken":"361pcsemteixrecnwlaindcflryovdnnbog167","userId":"6","cardId":"card_19gv53BZMRlMI3U4ol5bBpru"}', '2017-01-30 09:01:46', 6),
(455, 'usersModule - login API ', 'POST', '{"deviceId":"780fd0e9991d7d58","deviceType":"2","option":"imageCount","sessionToken":"619xttlxelcraogigdrbvyxqnlmttbjkhei294","userId":"6"}', '2017-01-30 09:01:52', 6),
(456, 'usersModule - login API ', 'POST', '{"deviceId":"780fd0e9991d7d58","deviceType":"2","option":"userCardList","sessionToken":"619xttlxelcraogigdrbvyxqnlmttbjkhei294","userId":"6"}', '2017-01-30 09:01:52', 6),
(457, 'usersModule - login API ', 'POST', '{"deviceId":"780fd0e9991d7d58","deviceType":"2","option":"userCardList","sessionToken":"619xttlxelcraogigdrbvyxqnlmttbjkhei294","userId":"6"}', '2017-01-30 09:01:52', 6),
(458, 'usersModule - login API ', 'POST', '{"deviceId":"780fd0e9991d7d58","deviceType":"2","option":"userCardList","sessionToken":"619xttlxelcraogigdrbvyxqnlmttbjkhei294","userId":"6"}', '2017-01-30 09:01:54', 6),
(459, 'usersModule - login API ', 'POST', '{"deviceId":"780fd0e9991d7d58","deviceType":"2","option":"userCardList","sessionToken":"619xttlxelcraogigdrbvyxqnlmttbjkhei294","userId":"6"}', '2017-01-30 09:01:54', 6),
(460, 'usersModule - login API ', 'POST', '{"deviceId":"780fd0e9991d7d58","deviceType":"2","option":"imageCount","sessionToken":"619xttlxelcraogigdrbvyxqnlmttbjkhei294","userId":"6"}', '2017-01-30 09:01:56', 6),
(461, 'usersModule - login API ', 'POST', '{"deviceId":"780fd0e9991d7d58","deviceType":"2","option":"userCardList","sessionToken":"619xttlxelcraogigdrbvyxqnlmttbjkhei294","userId":"6"}', '2017-01-30 09:01:56', 6),
(462, 'usersModule - login API ', 'POST', '{"deviceId":"780fd0e9991d7d58","deviceType":"2","option":"userCardList","sessionToken":"619xttlxelcraogigdrbvyxqnlmttbjkhei294","userId":"6"}', '2017-01-30 09:01:56', 6),
(463, 'usersModule - login API ', 'POST', '{"deviceId":"780fd0e9991d7d58","deviceType":"2","option":"deleteCardDetails","sessionToken":"619xttlxelcraogigdrbvyxqnlmttbjkhei294","userId":"6","cardId":"card_19gv53BZMRlMI3U4ol5bBpru"}', '2017-01-30 09:01:56', 6),
(464, 'usersModule - login API ', 'POST', '{"deviceId":"780fd0e9991d7d58","deviceType":"2","option":"imageCount","sessionToken":"619xttlxelcraogigdrbvyxqnlmttbjkhei294","userId":"6"}', '2017-01-30 09:01:59', 6),
(465, 'usersModule - login API ', 'POST', '{"deviceId":"780fd0e9991d7d58","deviceType":"2","option":"userCardList","sessionToken":"619xttlxelcraogigdrbvyxqnlmttbjkhei294","userId":"6"}', '2017-01-30 09:01:59', 6),
(466, 'usersModule - login API ', 'POST', '{"deviceId":"780fd0e9991d7d58","deviceType":"2","option":"userCardList","sessionToken":"619xttlxelcraogigdrbvyxqnlmttbjkhei294","userId":"6"}', '2017-01-30 09:01:59', 6),
(467, 'usersModule - login API ', 'POST', '{"deviceId":"780fd0e9991d7d58","deviceType":"2","option":"imageCount","sessionToken":"619xttlxelcraogigdrbvyxqnlmttbjkhei294","userId":"6"}', '2017-01-30 10:01:09', 6),
(468, 'usersModule - login API ', 'POST', '{"deviceId":"780fd0e9991d7d58","deviceType":"2","option":"userCardList","sessionToken":"619xttlxelcraogigdrbvyxqnlmttbjkhei294","userId":"6"}', '2017-01-30 10:01:10', 6),
(469, 'usersModule - login API ', 'POST', '{"deviceId":"780fd0e9991d7d58","deviceType":"2","option":"userCardList","sessionToken":"619xttlxelcraogigdrbvyxqnlmttbjkhei294","userId":"6"}', '2017-01-30 10:01:10', 6),
(470, 'usersModule - login API ', 'POST', '{"deviceId":"780fd0e9991d7d58","deviceType":"2","option":"deleteCardDetails","sessionToken":"361pcsemteixrecnwlaindcflryovdnnbog167","userId":"6","cardId":"card_19gv53BZMRlMI3U4ol5bBpru"}', '2017-01-30 10:01:10', 6),
(471, 'usersModule - login API ', 'POST', '{"deviceId":"780fd0e9991d7d58","deviceType":"2","option":"imageCount","sessionToken":"619xttlxelcraogigdrbvyxqnlmttbjkhei294","userId":"6"}', '2017-01-30 10:01:10', 6),
(472, 'usersModule - login API ', 'POST', '{"deviceId":"780fd0e9991d7d58","deviceType":"2","option":"userCardList","sessionToken":"619xttlxelcraogigdrbvyxqnlmttbjkhei294","userId":"6"}', '2017-01-30 10:01:10', 6),
(473, 'usersModule - login API ', 'POST', '{"deviceId":"780fd0e9991d7d58","deviceType":"2","option":"userCardList","sessionToken":"619xttlxelcraogigdrbvyxqnlmttbjkhei294","userId":"6"}', '2017-01-30 10:01:10', 6),
(474, 'usersModule - login API ', 'POST', '{"deviceId":"780fd0e9991d7d58","deviceType":"2","option":"deleteCardDetails","sessionToken":"361pcsemteixrecnwlaindcflryovdnnbog167","userId":"6","cardId":"card_19gv53BZMRlMI3U4ol5bBpru"}', '2017-01-30 10:01:10', 6),
(475, 'usersModule - login API ', 'POST', '{"deviceId":"780fd0e9991d7d58","deviceType":"2","option":"imageCount","sessionToken":"619xttlxelcraogigdrbvyxqnlmttbjkhei294","userId":"6"}', '2017-01-30 10:01:18', 6),
(476, 'usersModule - login API ', 'POST', '{"deviceId":"780fd0e9991d7d58","deviceType":"2","option":"userCardList","sessionToken":"619xttlxelcraogigdrbvyxqnlmttbjkhei294","userId":"6"}', '2017-01-30 10:01:18', 6),
(477, 'usersModule - login API ', 'POST', '{"deviceId":"780fd0e9991d7d58","deviceType":"2","option":"userCardList","sessionToken":"619xttlxelcraogigdrbvyxqnlmttbjkhei294","userId":"6"}', '2017-01-30 10:01:18', 6),
(478, 'usersModule - login API ', 'POST', '{"deviceId":1,"deviceType":1,"option":"deleteCardDetails","sessionToken":"361pcsemteixrecnwlaindcflryovdnnbog167","userId":6,"cardId":"card_19gv53BZMRlMI3U4ol5bBpru"}', '2017-01-30 10:01:18', 6),
(479, 'usersModule - login API ', 'POST', '{"deviceId":"780fd0e9991d7d58","deviceType":"2","option":"userCardList","sessionToken":"619xttlxelcraogigdrbvyxqnlmttbjkhei294","userId":"6"}', '2017-01-30 10:01:18', 6),
(480, 'usersModule - login API ', 'POST', '{"deviceId":"780fd0e9991d7d58","deviceType":"2","option":"userCardList","sessionToken":"619xttlxelcraogigdrbvyxqnlmttbjkhei294","userId":"6"}', '2017-01-30 10:01:18', 6),
(481, 'usersModule - login API ', 'POST', '{"deviceId":1,"deviceType":1,"option":"deleteCardDetails","sessionToken":"361pcsemteixrecnwlaindcflryovdnnbog167","userId":6,"cardId":"card_19gv53BZMRlMI3U4ol5bBpru"}', '2017-01-30 10:01:20', 6),
(482, 'usersModule - login API ', 'POST', '{"deviceId":"780fd0e9991d7d58","deviceType":"2","option":"imageCount","sessionToken":"619xttlxelcraogigdrbvyxqnlmttbjkhei294","userId":"6"}', '2017-01-30 10:01:26', 6),
(483, 'usersModule - login API ', 'POST', '{"deviceId":"780fd0e9991d7d58","deviceType":"2","option":"userCardList","sessionToken":"619xttlxelcraogigdrbvyxqnlmttbjkhei294","userId":"6"}', '2017-01-30 10:01:26', 6),
(484, 'usersModule - login API ', 'POST', '{"deviceId":"780fd0e9991d7d58","deviceType":"2","option":"userCardList","sessionToken":"619xttlxelcraogigdrbvyxqnlmttbjkhei294","userId":"6"}', '2017-01-30 10:01:26', 6),
(485, 'usersModule - login API ', 'POST', '{"deviceId":"780fd0e9991d7d58","deviceType":"2","option":"deleteCardDetails","sessionToken":"361pcsemteixrecnwlaindcflryovdnnbog167","userId":"6","cardId":"card_19gv53BZMRlMI3U4ol5bBpru"}', '2017-01-30 10:01:26', 6),
(486, 'usersModule - login API ', 'POST', '{"deviceId":"780fd0e9991d7d58","deviceType":"2","option":"deleteCardDetails","sessionToken":"361pcsemteixrecnwlaindcflryovdnnbog167","userId":"6","cardId":"card_19gv53BZMRlMI3U4ol5bBpru"}', '2017-01-30 10:01:27', 6),
(487, 'usersModule - login API ', 'POST', '{"deviceId":"780fd0e9991d7d58","deviceType":"2","option":"deleteCardDetails","sessionToken":"361pcsemteixrecnwlaindcflryovdnnbog167","userId":"6","cardId":"card_19gv53BZMRlMI3U4ol5bBpru"}', '2017-01-30 10:01:27', 6),
(488, 'usersModule - login API ', 'POST', '{"deviceId":"780fd0e9991d7d58","deviceType":"2","option":"imageCount","sessionToken":"619xttlxelcraogigdrbvyxqnlmttbjkhei294","userId":"6"}', '2017-01-30 10:01:30', 6),
(489, 'usersModule - login API ', 'POST', '{"deviceId":"780fd0e9991d7d58","deviceType":"2","option":"userCardList","sessionToken":"619xttlxelcraogigdrbvyxqnlmttbjkhei294","userId":"6"}', '2017-01-30 10:01:31', 6),
(490, 'usersModule - login API ', 'POST', '{"deviceId":"780fd0e9991d7d58","deviceType":"2","option":"userCardList","sessionToken":"619xttlxelcraogigdrbvyxqnlmttbjkhei294","userId":"6"}', '2017-01-30 10:01:31', 6),
(491, 'usersModule - login API ', 'POST', '{"deviceId":1,"deviceType":1,"option":"deleteCardDetails","sessionToken":"361pcsemteixrecnwlaindcflryovdnnbog167","userId":6,"cardId":"card_19gv53BZMRlMI3U4ol5bBpru"}', '2017-01-30 10:01:31', 6),
(492, 'usersModule - login API ', 'POST', '{"deviceId":1,"deviceType":1,"option":"deleteCardDetails","sessionToken":"361pcsemteixrecnwlaindcflryovdnnbog167","userId":6,"cardId":"card_19gv53BZMRlMI3U4ol5bBpru"}', '2017-01-30 10:01:35', 6),
(493, 'usersModule - login API ', 'POST', '{"deviceId":"780fd0e9991d7d58","deviceType":"2","option":"imageCount","sessionToken":"619xttlxelcraogigdrbvyxqnlmttbjkhei294","userId":"6"}', '2017-01-30 10:01:36', 6),
(494, 'usersModule - login API ', 'POST', '{"deviceId":"780fd0e9991d7d58","deviceType":"2","option":"userCardList","sessionToken":"619xttlxelcraogigdrbvyxqnlmttbjkhei294","userId":"6"}', '2017-01-30 10:01:36', 6),
(495, 'usersModule - login API ', 'POST', '{"deviceId":"780fd0e9991d7d58","deviceType":"2","option":"userCardList","sessionToken":"619xttlxelcraogigdrbvyxqnlmttbjkhei294","userId":"6"}', '2017-01-30 10:01:36', 6),
(496, 'usersModule - login API ', 'POST', '{"deviceId":1,"deviceType":1,"option":"deleteCardDetails","sessionToken":"361pcsemteixrecnwlaindcflryovdnnbog167","userId":6,"cardId":"card_19gv53BZMRlMI3U4ol5bBpru"}', '2017-01-30 10:01:36', 6),
(497, 'usersModule - login API ', 'POST', '{"deviceId":1,"deviceType":1,"option":"deleteCardDetails","sessionToken":"361pcsemteixrecnwlaindcflryovdnnbog167","userId":6,"cardId":"card_19gv53BZMRlMI3U4ol5bBpru"}', '2017-01-30 10:01:37', 6),
(498, 'usersModule - login API ', 'POST', '{"deviceId":1,"deviceType":1,"option":"deleteCardDetails","sessionToken":"361pcsemteixrecnwlaindcflryovdnnbog167","userId":6,"cardId":"card_19gv53BZMRlMI3U4ol5bBpru"}', '2017-01-30 10:01:37', 6),
(499, 'usersModule - login API ', 'POST', '{"deviceId":"780fd0e9991d7d58","deviceType":"2","option":"imageCount","sessionToken":"619xttlxelcraogigdrbvyxqnlmttbjkhei294","userId":"6"}', '2017-01-30 10:01:41', 6),
(500, 'usersModule - login API ', 'POST', '{"deviceId":"780fd0e9991d7d58","deviceType":"2","option":"userCardList","sessionToken":"619xttlxelcraogigdrbvyxqnlmttbjkhei294","userId":"6"}', '2017-01-30 10:01:41', 6),
(501, 'usersModule - login API ', 'POST', '{"deviceId":"780fd0e9991d7d58","deviceType":"2","option":"userCardList","sessionToken":"619xttlxelcraogigdrbvyxqnlmttbjkhei294","userId":"6"}', '2017-01-30 10:01:41', 6),
(502, 'usersModule - login API ', 'POST', '{"deviceId":1,"deviceType":1,"option":"deleteCardDetails","sessionToken":"361pcsemteixrecnwlaindcflryovdnnbog167","userId":6,"cardId":"card_19gv53BZMRlMI3U4ol5bBpru"}', '2017-01-30 10:01:41', 6),
(503, 'usersModule - login API ', 'POST', '{"deviceId":"780fd0e9991d7d58","deviceType":"2","option":"imageCount","sessionToken":"619xttlxelcraogigdrbvyxqnlmttbjkhei294","userId":"6"}', '2017-01-30 10:01:44', 6),
(504, 'usersModule - login API ', 'POST', '{"deviceId":"780fd0e9991d7d58","deviceType":"2","option":"imageCount","sessionToken":"619xttlxelcraogigdrbvyxqnlmttbjkhei294","userId":"6"}', '2017-01-30 10:01:44', 6),
(505, 'usersModule - login API ', 'POST', '{"deviceId":"780fd0e9991d7d58","deviceType":"2","option":"imageCount","sessionToken":"619xttlxelcraogigdrbvyxqnlmttbjkhei294","userId":"6"}', '2017-01-30 10:01:44', 6),
(506, 'usersModule - login API ', 'POST', '{"deviceId":"780fd0e9991d7d58","deviceType":"2","option":"imageCount","sessionToken":"619xttlxelcraogigdrbvyxqnlmttbjkhei294","userId":"6"}', '2017-01-30 10:01:44', 6),
(507, 'usersModule - login API ', 'POST', '{"deviceId":"780fd0e9991d7d58","deviceType":"2","option":"imageCount","sessionToken":"619xttlxelcraogigdrbvyxqnlmttbjkhei294","userId":"6"}', '2017-01-30 10:01:44', 6),
(508, 'usersModule - login API ', 'POST', '{"deviceId":"780fd0e9991d7d58","deviceType":"2","option":"userCardList","sessionToken":"619xttlxelcraogigdrbvyxqnlmttbjkhei294","userId":"6"}', '2017-01-30 10:01:46', 6),
(509, 'usersModule - login API ', 'POST', '{"deviceId":"780fd0e9991d7d58","deviceType":"2","option":"userCardList","sessionToken":"619xttlxelcraogigdrbvyxqnlmttbjkhei294","userId":"6"}', '2017-01-30 10:01:46', 6),
(510, 'usersModule - login API ', 'POST', '{"deviceId":1,"deviceType":1,"option":"deleteCardDetails","sessionToken":"361pcsemteixrecnwlaindcflryovdnnbog167","userId":6,"cardId":"card_19gv53BZMRlMI3U4ol5bBpru"}', '2017-01-30 10:01:47', 6),
(511, 'usersModule - login API ', 'POST', '{"deviceId":"1","deviceType":"1","option":"deleteCardDetails","sessionToken":"361pcsemteixrecnwlaindcflryovdnnbog167","userId":"6","cardId":"card_19gv53BZMRlMI3U4ol5bBpru"}', '2017-01-30 10:01:51', 6),
(512, 'usersModule - login API ', 'POST', '{"deviceId":"1","deviceType":"1","option":"deleteCardDetails","sessionToken":"361pcsemteixrecnwlaindcflryovdnnbog167","userId":"6","cardId":"card_19gvnQBZMRlMI3U41ZoJTuiT"}', '2017-01-30 10:01:52', 6),
(513, 'usersModule - login API ', 'POST', '{"deviceId":"1","deviceType":"1","option":"userCardList","sessionToken":"361pcsemteixrecnwlaindcflryovdnnbog167","userId":"6"}', '2017-01-30 10:01:52', 6),
(514, 'usersModule - login API ', 'POST', '{"deviceId":"780fd0e9991d7d58","deviceType":"2","option":"userCardList","sessionToken":"619xttlxelcraogigdrbvyxqnlmttbjkhei294","userId":"6"}', '2017-01-30 11:01:02', 6),
(515, 'usersModule - login API ', 'POST', '{"deviceId":"780fd0e9991d7d58","deviceType":"2","option":"imageCount","sessionToken":"619xttlxelcraogigdrbvyxqnlmttbjkhei294","userId":"6"}', '2017-01-30 11:01:15', 6),
(516, 'usersModule - login API ', 'POST', '{"deviceId":"780fd0e9991d7d58","deviceType":"2","option":"userCardList","sessionToken":"619xttlxelcraogigdrbvyxqnlmttbjkhei294","userId":"6"}', '2017-01-30 11:01:15', 6),
(517, 'usersModule - login API ', 'POST', '{"deviceId":"780fd0e9991d7d58","deviceType":"2","option":"userCardList","sessionToken":"619xttlxelcraogigdrbvyxqnlmttbjkhei294","userId":"6"}', '2017-01-30 11:01:15', 6),
(518, 'usersModule - login API ', 'POST', '{"deviceId":1,"deviceType":2,"option":"deleteCardDetails","sessionToken":"361pcsemteixrecnwlaindcflryovdnnbog167","userId":6,"cardId":""}', '2017-01-30 11:01:15', 6),
(519, 'usersModule - login API ', 'POST', '{"deviceId":"780fd0e9991d7d58","deviceType":"2","option":"userCardDetails","sessionToken":"619xttlxelcraogigdrbvyxqnlmttbjkhei294","userId":"6","cardToken":"tok_19hd8pBZMRlMI3U4YEF2eHFK"}', '2017-01-30 11:01:16', 6),
(520, 'usersModule - login API ', 'POST', '{"deviceId":"780fd0e9991d7d58","deviceType":"2","option":"userCardList","sessionToken":"619xttlxelcraogigdrbvyxqnlmttbjkhei294","userId":"6"}', '2017-01-30 11:01:16', 6),
(521, 'usersModule - login API ', 'POST', '{"deviceId":"780fd0e9991d7d58","deviceType":"2","option":"userCardList","sessionToken":"619xttlxelcraogigdrbvyxqnlmttbjkhei294","userId":"6"}', '2017-01-30 11:01:16', 6),
(522, 'usersModule - login API ', 'POST', '{"deviceId":"780fd0e9991d7d58","deviceType":"2","option":"userCardList","sessionToken":"619xttlxelcraogigdrbvyxqnlmttbjkhei294","userId":"6"}', '2017-01-30 11:01:20', 6),
(523, 'usersModule - login API ', 'POST', '{"deviceId":"780fd0e9991d7d58","deviceType":"2","option":"imageCount","sessionToken":"619xttlxelcraogigdrbvyxqnlmttbjkhei294","userId":"6"}', '2017-01-30 11:01:45', 6),
(524, 'usersModule - login API ', 'POST', '{"deviceId":"780fd0e9991d7d58","deviceType":"2","option":"userCardList","sessionToken":"619xttlxelcraogigdrbvyxqnlmttbjkhei294","userId":"6"}', '2017-01-30 11:01:45', 6),
(525, 'usersModule - login API ', 'POST', '{"deviceId":"780fd0e9991d7d58","deviceType":"2","option":"userCardList","sessionToken":"619xttlxelcraogigdrbvyxqnlmttbjkhei294","userId":"6"}', '2017-01-30 11:01:45', 6),
(526, 'usersModule - login API ', 'POST', '{"deviceId":1,"deviceType":2,"option":"deleteCardDetails","sessionToken":"361pcsemteixrecnwlaindcflryovdnnbog167","userId":6,"cardId":"com.pix.Model.CardListModel@371ee32d"}', '2017-01-30 11:01:45', 6),
(527, 'usersModule - login API ', 'POST', '{"deviceId":"780fd0e9991d7d58","deviceType":"2","option":"userCardList","sessionToken":"619xttlxelcraogigdrbvyxqnlmttbjkhei294","userId":"6"}', '2017-01-30 11:01:46', 6),
(528, 'usersModule - login API ', 'POST', '{"deviceId":"780fd0e9991d7d58","deviceType":"2","option":"userCardList","sessionToken":"619xttlxelcraogigdrbvyxqnlmttbjkhei294","userId":"6"}', '2017-01-30 11:01:46', 6),
(529, 'usersModule - login API ', 'POST', '{"deviceId":1,"deviceType":2,"option":"deleteCardDetails","sessionToken":"361pcsemteixrecnwlaindcflryovdnnbog167","userId":6,"cardId":"card_19hd8pBZMRlMI3U4jpmGfjcX"}', '2017-01-30 11:01:46', 6),
(530, 'usersModule - login API ', 'POST', '{"deviceId":1,"deviceType":2,"option":"deleteCardDetails","sessionToken":"361pcsemteixrecnwlaindcflryovdnnbog167","userId":6,"cardId":"card_19hd8pBZMRlMI3U4jpmGfjcX"}', '2017-01-30 11:01:48', 6),
(531, 'usersModule - login API ', 'POST', '{"deviceId":1,"deviceType":2,"option":"deleteCardDetails","sessionToken":"361pcsemteixrecnwlaindcflryovdnnbog167","userId":6,"cardId":"card_19hd8pBZMRlMI3U4jpmGfjcX"}', '2017-01-30 11:01:48', 6),
(532, 'usersModule - login API ', 'POST', '{"deviceId":"780fd0e9991d7d58","deviceType":"2","option":"imageCount","sessionToken":"619xttlxelcraogigdrbvyxqnlmttbjkhei294","userId":"6"}', '2017-01-30 11:01:49', 6),
(533, 'usersModule - login API ', 'POST', '{"deviceId":"780fd0e9991d7d58","deviceType":"2","option":"userCardList","sessionToken":"619xttlxelcraogigdrbvyxqnlmttbjkhei294","userId":"6"}', '2017-01-30 11:01:49', 6),
(534, 'usersModule - login API ', 'POST', '{"deviceId":"780fd0e9991d7d58","deviceType":"2","option":"userCardList","sessionToken":"619xttlxelcraogigdrbvyxqnlmttbjkhei294","userId":"6"}', '2017-01-30 11:01:49', 6),
(535, 'usersModule - login API ', 'POST', '{"deviceId":1,"deviceType":2,"option":"deleteCardDetails","sessionToken":"361pcsemteixrecnwlaindcflryovdnnbog167","userId":6,"cardId":"card_19gviHBZMRlMI3U4dX6gFC94"}', '2017-01-30 11:01:49', 6),
(536, 'usersModule - login API ', 'POST', '{"deviceId":"780fd0e9991d7d58","deviceType":"2","option":"userCardList","sessionToken":"619xttlxelcraogigdrbvyxqnlmttbjkhei294","userId":"6"}', '2017-01-30 11:01:49', 6),
(537, 'usersModule - login API ', 'POST', '{"deviceId":"780fd0e9991d7d58","deviceType":"2","option":"userCardList","sessionToken":"619xttlxelcraogigdrbvyxqnlmttbjkhei294","userId":"6"}', '2017-01-30 11:01:49', 6),
(538, 'usersModule - login API ', 'POST', '{"deviceId":"780fd0e9991d7d58","deviceType":"2","option":"imageCount","sessionToken":"619xttlxelcraogigdrbvyxqnlmttbjkhei294","userId":"6"}', '2017-01-30 11:01:50', 6),
(539, 'usersModule - login API ', 'POST', '{"deviceId":"780fd0e9991d7d58","deviceType":"2","option":"userCardList","sessionToken":"619xttlxelcraogigdrbvyxqnlmttbjkhei294","userId":"6"}', '2017-01-30 11:01:50', 6),
(540, 'usersModule - login API ', 'POST', '{"deviceId":"780fd0e9991d7d58","deviceType":"2","option":"userCardList","sessionToken":"619xttlxelcraogigdrbvyxqnlmttbjkhei294","userId":"6"}', '2017-01-30 11:01:50', 6),
(541, 'usersModule - login API ', 'POST', '{"deviceId":"780fd0e9991d7d58","deviceType":"2","option":"userCardDetails","sessionToken":"619xttlxelcraogigdrbvyxqnlmttbjkhei294","userId":"6","cardToken":"tok_19hdg6BZMRlMI3U4oak4Zi7K"}', '2017-01-30 11:01:50', 6),
(542, 'usersModule - login API ', 'POST', '{"deviceId":"780fd0e9991d7d58","deviceType":"2","option":"userCardList","sessionToken":"619xttlxelcraogigdrbvyxqnlmttbjkhei294","userId":"6"}', '2017-01-30 11:01:50', 6),
(543, 'usersModule - login API ', 'POST', '{"deviceId":1,"deviceType":2,"option":"deleteCardDetails","sessionToken":"361pcsemteixrecnwlaindcflryovdnnbog167","userId":6,"cardId":"card_19hdg6BZMRlMI3U40vhJG1ec"}', '2017-01-30 11:01:50', 6),
(544, 'usersModule - login API ', 'POST', '{"deviceId":"780fd0e9991d7d58","deviceType":"2","option":"userCardList","sessionToken":"619xttlxelcraogigdrbvyxqnlmttbjkhei294","userId":"6"}', '2017-01-30 11:01:51', 6),
(545, 'usersModule - login API ', 'POST', '{"deviceId":"780fd0e9991d7d58","deviceType":"2","option":"userCardList","sessionToken":"619xttlxelcraogigdrbvyxqnlmttbjkhei294","userId":"6"}', '2017-01-30 11:01:51', 6),
(546, 'usersModule - login API ', 'POST', '{"deviceId":"780fd0e9991d7d58","deviceType":"2","option":"userCardDetails","sessionToken":"619xttlxelcraogigdrbvyxqnlmttbjkhei294","userId":"6","cardToken":"tok_19hdgxBZMRlMI3U4L90QgbVb"}', '2017-01-30 11:01:51', 6),
(547, 'usersModule - login API ', 'POST', '{"deviceId":"780fd0e9991d7d58","deviceType":"2","option":"userCardList","sessionToken":"619xttlxelcraogigdrbvyxqnlmttbjkhei294","userId":"6"}', '2017-01-30 11:01:51', 6),
(548, 'usersModule - login API ', 'POST', '{"deviceId":"780fd0e9991d7d58","deviceType":"2","option":"userCardDetails","sessionToken":"619xttlxelcraogigdrbvyxqnlmttbjkhei294","userId":"6","cardToken":"tok_19hdhxBZMRlMI3U4htoAiefH"}', '2017-01-30 11:01:52', 6),
(549, 'usersModule - login API ', 'POST', '{"deviceId":"780fd0e9991d7d58","deviceType":"2","option":"userCardList","sessionToken":"619xttlxelcraogigdrbvyxqnlmttbjkhei294","userId":"6"}', '2017-01-30 11:01:52', 6),
(550, 'usersModule - login API ', 'POST', '{"deviceId":1,"deviceType":2,"option":"deleteCardDetails","sessionToken":"361pcsemteixrecnwlaindcflryovdnnbog167","userId":6,"cardId":"card_19hdhxBZMRlMI3U41gco2sSj"}', '2017-01-30 11:01:52', 6),
(551, 'usersModule - login API ', 'POST', '{"deviceId":"780fd0e9991d7d58","deviceType":"2","option":"userCardList","sessionToken":"619xttlxelcraogigdrbvyxqnlmttbjkhei294","userId":"6"}', '2017-01-30 11:01:52', 6),
(552, 'usersModule - login API ', 'POST', '{"deviceId":"780fd0e9991d7d58","deviceType":"2","option":"userCardList","sessionToken":"619xttlxelcraogigdrbvyxqnlmttbjkhei294","userId":"6"}', '2017-01-30 11:01:52', 6),
(553, 'usersModule - login API ', 'POST', '{"deviceId":"780fd0e9991d7d58","deviceType":"2","option":"userCardList","sessionToken":"619xttlxelcraogigdrbvyxqnlmttbjkhei294","userId":"6"}', '2017-01-30 11:01:53', 6),
(554, 'usersModule - login API ', 'POST', '{"deviceId":"780fd0e9991d7d58","deviceType":"2","option":"userCardList","sessionToken":"619xttlxelcraogigdrbvyxqnlmttbjkhei294","userId":"6"}', '2017-01-30 11:01:53', 6),
(555, 'usersModule - login API ', 'POST', '{"deviceId":1,"deviceType":2,"option":"deleteCardDetails","sessionToken":"361pcsemteixrecnwlaindcflryovdnnbog167","userId":6,"cardId":"card_19hdgxBZMRlMI3U4FfFCCKYi"}', '2017-01-30 11:01:54', 6),
(556, 'usersModule - login API ', 'POST', '{"deviceId":"780fd0e9991d7d58","deviceType":"2","option":"userCardList","sessionToken":"619xttlxelcraogigdrbvyxqnlmttbjkhei294","userId":"6"}', '2017-01-30 11:01:55', 6),
(557, 'usersModule - login API ', 'POST', '{"deviceId":"780fd0e9991d7d58","deviceType":"2","option":"userCardList","sessionToken":"619xttlxelcraogigdrbvyxqnlmttbjkhei294","userId":"6"}', '2017-01-30 11:01:55', 6),
(558, 'usersModule - login API ', 'POST', '{"deviceId":"780fd0e9991d7d58","deviceType":"2","option":"imageCount","sessionToken":"619xttlxelcraogigdrbvyxqnlmttbjkhei294","userId":"6"}', '2017-01-30 11:01:57', 6),
(559, 'usersModule - login API ', 'POST', '{"deviceId":"780fd0e9991d7d58","deviceType":"2","option":"userCardList","sessionToken":"619xttlxelcraogigdrbvyxqnlmttbjkhei294","userId":"6"}', '2017-01-30 11:01:59', 6),
(560, 'usersModule - login API ', 'POST', '{"deviceId":"780fd0e9991d7d58","deviceType":"2","option":"userCardList","sessionToken":"619xttlxelcraogigdrbvyxqnlmttbjkhei294","userId":"6"}', '2017-01-30 11:01:59', 6),
(561, 'usersModule - login API ', 'POST', '{"deviceId":"780fd0e9991d7d58","deviceType":"2","option":"userCardDetails","sessionToken":"619xttlxelcraogigdrbvyxqnlmttbjkhei294","userId":"6","cardToken":"tok_19hdwaBZMRlMI3U4XjiQh3yF"}', '2017-01-30 12:01:07', 6),
(562, 'usersModule - login API ', 'POST', '{"deviceId":"780fd0e9991d7d58","deviceType":"2","option":"userCardList","sessionToken":"619xttlxelcraogigdrbvyxqnlmttbjkhei294","userId":"6"}', '2017-01-30 12:01:07', 6),
(563, 'usersModule - login API ', 'POST', '{"deviceId":"780fd0e9991d7d58","deviceType":"2","option":"userCardDetails","sessionToken":"619xttlxelcraogigdrbvyxqnlmttbjkhei294","userId":"6","cardToken":"tok_19hdwvBZMRlMI3U4N5wBn7Cv"}', '2017-01-30 12:01:07', 6),
(564, 'usersModule - login API ', 'POST', '{"deviceId":"780fd0e9991d7d58","deviceType":"2","option":"userCardList","sessionToken":"619xttlxelcraogigdrbvyxqnlmttbjkhei294","userId":"6"}', '2017-01-30 12:01:08', 6),
(565, 'usersModule - login API ', 'POST', '{"deviceId":"780fd0e9991d7d58","deviceType":"2","option":"userCardDetails","sessionToken":"619xttlxelcraogigdrbvyxqnlmttbjkhei294","userId":"6","cardToken":"tok_19hdy4BZMRlMI3U49MJDkS3x"}', '2017-01-30 12:01:09', 6),
(566, 'usersModule - login API ', 'POST', '{"deviceId":"780fd0e9991d7d58","deviceType":"2","option":"userCardList","sessionToken":"619xttlxelcraogigdrbvyxqnlmttbjkhei294","userId":"6"}', '2017-01-30 12:01:09', 6),
(567, 'usersModule - login API ', 'POST', '{"deviceId":"780fd0e9991d7d58","deviceType":"2","option":"imageCount","sessionToken":"619xttlxelcraogigdrbvyxqnlmttbjkhei294","userId":"6"}', '2017-01-30 12:01:10', 6),
(568, 'usersModule - login API ', 'POST', '{"deviceId":"780fd0e9991d7d58","deviceType":"2","option":"userCardList","sessionToken":"619xttlxelcraogigdrbvyxqnlmttbjkhei294","userId":"6"}', '2017-01-30 12:01:10', 6),
(569, 'usersModule - login API ', 'POST', '{"deviceId":"780fd0e9991d7d58","deviceType":"2","option":"userCardList","sessionToken":"619xttlxelcraogigdrbvyxqnlmttbjkhei294","userId":"6"}', '2017-01-30 12:01:10', 6),
(570, 'usersModule - login API ', 'POST', '{"deviceId":1,"deviceType":2,"option":"deleteCardDetails","sessionToken":"361pcsemteixrecnwlaindcflryovdnnbog167","userId":6,"cardId":"card_19hdwvBZMRlMI3U4yI19SWtG"}', '2017-01-30 12:01:11', 6),
(571, 'usersModule - login API ', 'POST', '{"deviceId":"780fd0e9991d7d58","deviceType":"2","option":"imageCount","sessionToken":"619xttlxelcraogigdrbvyxqnlmttbjkhei294","userId":"6"}', '2017-01-30 12:01:13', 6),
(572, 'usersModule - login API ', 'POST', '{"deviceId":"780fd0e9991d7d58","deviceType":"2","option":"userCardList","sessionToken":"619xttlxelcraogigdrbvyxqnlmttbjkhei294","userId":"6"}', '2017-01-30 12:01:13', 6),
(573, 'usersModule - login API ', 'POST', '{"deviceId":"780fd0e9991d7d58","deviceType":"2","option":"userCardList","sessionToken":"619xttlxelcraogigdrbvyxqnlmttbjkhei294","userId":"6"}', '2017-01-30 12:01:13', 6),
(574, 'usersModule - login API ', 'POST', '{"deviceId":"780fd0e9991d7d58","deviceType":"2","option":"imageCount","sessionToken":"619xttlxelcraogigdrbvyxqnlmttbjkhei294","userId":"6"}', '2017-01-30 12:01:14', 6),
(575, 'usersModule - login API ', 'POST', '{"deviceId":"780fd0e9991d7d58","deviceType":"2","option":"userCardList","sessionToken":"619xttlxelcraogigdrbvyxqnlmttbjkhei294","userId":"6"}', '2017-01-30 12:01:14', 6),
(576, 'usersModule - login API ', 'POST', '{"deviceId":"780fd0e9991d7d58","deviceType":"2","option":"userCardList","sessionToken":"619xttlxelcraogigdrbvyxqnlmttbjkhei294","userId":"6"}', '2017-01-30 12:01:14', 6),
(577, 'usersModule - login API ', 'POST', '{"deviceId":1,"deviceType":2,"option":"deleteCardDetails","sessionToken":"361pcsemteixrecnwlaindcflryovdnnbog167","userId":6,"cardId":"card_19hdy3BZMRlMI3U4mAuYvqB5"}', '2017-01-30 12:01:14', 6),
(578, 'usersModule - login API ', 'POST', '{"deviceId":"780fd0e9991d7d58","deviceType":"2","option":"userCardDetails","sessionToken":"619xttlxelcraogigdrbvyxqnlmttbjkhei294","userId":"6","cardToken":"tok_19he3XBZMRlMI3U4vWne5Qil"}', '2017-01-30 12:01:14', 6),
(579, 'usersModule - login API ', 'POST', '{"deviceId":"780fd0e9991d7d58","deviceType":"2","option":"userCardList","sessionToken":"619xttlxelcraogigdrbvyxqnlmttbjkhei294","userId":"6"}', '2017-01-30 12:01:14', 6),
(580, 'usersModule - login API ', 'POST', '{"deviceId":"780fd0e9991d7d58","deviceType":"2","option":"userCardDetails","sessionToken":"619xttlxelcraogigdrbvyxqnlmttbjkhei294","userId":"6","cardToken":"tok_19he3zBZMRlMI3U4z5iaSmC1"}', '2017-01-30 12:01:15', 6),
(581, 'usersModule - login API ', 'POST', '{"deviceId":"780fd0e9991d7d58","deviceType":"2","option":"userCardList","sessionToken":"619xttlxelcraogigdrbvyxqnlmttbjkhei294","userId":"6"}', '2017-01-30 12:01:15', 6),
(582, 'usersModule - login API ', 'POST', '{"deviceId":"780fd0e9991d7d58","deviceType":"2","option":"imageCount","sessionToken":"619xttlxelcraogigdrbvyxqnlmttbjkhei294","userId":"6"}', '2017-01-30 12:01:18', 6),
(583, 'usersModule - login API ', 'POST', '{"deviceId":"780fd0e9991d7d58","deviceType":"2","option":"userCardList","sessionToken":"619xttlxelcraogigdrbvyxqnlmttbjkhei294","userId":"6"}', '2017-01-30 12:01:18', 6),
(584, 'usersModule - login API ', 'POST', '{"deviceId":"780fd0e9991d7d58","deviceType":"2","option":"userCardList","sessionToken":"619xttlxelcraogigdrbvyxqnlmttbjkhei294","userId":"6"}', '2017-01-30 12:01:18', 6),
(585, 'usersModule - login API ', 'POST', '{"deviceId":1,"deviceType":2,"option":"deleteCardDetails","sessionToken":"361pcsemteixrecnwlaindcflryovdnnbog167","userId":6,"cardId":"card_19hdwaBZMRlMI3U4N4WihPIf"}', '2017-01-30 12:01:18', 6),
(586, 'usersModule - login API ', 'POST', '{"deviceId":1,"deviceType":2,"option":"deleteCardDetails","sessionToken":"361pcsemteixrecnwlaindcflryovdnnbog167","userId":6,"cardId":"card_19he3yBZMRlMI3U49aHPg9SC"}', '2017-01-30 12:01:18', 6),
(587, 'usersModule - login API ', 'POST', '{"deviceId":1,"deviceType":2,"option":"deleteCardDetails","sessionToken":"361pcsemteixrecnwlaindcflryovdnnbog167","userId":6,"cardId":"card_19he3XBZMRlMI3U43r97aAgd"}', '2017-01-30 12:01:18', 6),
(588, 'usersModule - login API ', 'POST', '{"deviceId":1,"deviceType":2,"option":"deleteCardDetails","sessionToken":"361pcsemteixrecnwlaindcflryovdnnbog167","userId":6,"cardId":"card_19he3yBZMRlMI3U49aHPg9SC"}', '2017-01-30 12:01:18', 6),
(589, 'usersModule - login API ', 'POST', '{"deviceId":1,"deviceType":2,"option":"deleteCardDetails","sessionToken":"361pcsemteixrecnwlaindcflryovdnnbog167","userId":6,"cardId":"card_19hdwaBZMRlMI3U4N4WihPIf"}', '2017-01-30 12:01:18', 6),
(590, 'usersModule - login API ', 'POST', '{"deviceId":1,"deviceType":2,"option":"deleteCardDetails","sessionToken":"361pcsemteixrecnwlaindcflryovdnnbog167","userId":6,"cardId":"card_19he3XBZMRlMI3U43r97aAgd"}', '2017-01-30 12:01:18', 6),
(591, 'usersModule - login API ', 'POST', '{"deviceId":1,"deviceType":2,"option":"deleteCardDetails","sessionToken":"361pcsemteixrecnwlaindcflryovdnnbog167","userId":6,"cardId":"card_19hdwaBZMRlMI3U4N4WihPIf"}', '2017-01-30 12:01:18', 6),
(592, 'usersModule - login API ', 'POST', '{"deviceId":1,"deviceType":2,"option":"deleteCardDetails","sessionToken":"361pcsemteixrecnwlaindcflryovdnnbog167","userId":6,"cardId":"card_19he3yBZMRlMI3U49aHPg9SC"}', '2017-01-30 12:01:18', 6),
(593, 'usersModule - login API ', 'POST', '{"deviceId":1,"deviceType":2,"option":"deleteCardDetails","sessionToken":"361pcsemteixrecnwlaindcflryovdnnbog167","userId":6,"cardId":"card_19hdwaBZMRlMI3U4N4WihPIf"}', '2017-01-30 12:01:18', 6),
(594, 'usersModule - login API ', 'POST', '{"deviceId":1,"deviceType":2,"option":"deleteCardDetails","sessionToken":"361pcsemteixrecnwlaindcflryovdnnbog167","userId":6,"cardId":"card_19he3yBZMRlMI3U49aHPg9SC"}', '2017-01-30 12:01:18', 6),
(595, 'usersModule - login API ', 'POST', '{"deviceId":1,"deviceType":2,"option":"deleteCardDetails","sessionToken":"361pcsemteixrecnwlaindcflryovdnnbog167","userId":6,"cardId":"card_19he3XBZMRlMI3U43r97aAgd"}', '2017-01-30 12:01:18', 6),
(596, 'usersModule - login API ', 'POST', '{"deviceId":1,"deviceType":2,"option":"deleteCardDetails","sessionToken":"361pcsemteixrecnwlaindcflryovdnnbog167","userId":6,"cardId":"card_19he3XBZMRlMI3U43r97aAgd"}', '2017-01-30 12:01:18', 6),
(597, 'usersModule - login API ', 'POST', '{"deviceId":1,"deviceType":2,"option":"deleteCardDetails","sessionToken":"361pcsemteixrecnwlaindcflryovdnnbog167","userId":6,"cardId":"card_19he3XBZMRlMI3U43r97aAgd"}', '2017-01-30 12:01:18', 6),
(598, 'usersModule - login API ', 'POST', '{"deviceId":"780fd0e9991d7d58","deviceType":"2","option":"imageCount","sessionToken":"619xttlxelcraogigdrbvyxqnlmttbjkhei294","userId":"6"}', '2017-01-30 12:01:30', 6),
(599, 'usersModule - login API ', 'POST', '{"deviceId":"780fd0e9991d7d58","deviceType":"2","option":"userCardList","sessionToken":"619xttlxelcraogigdrbvyxqnlmttbjkhei294","userId":"6"}', '2017-01-30 12:01:30', 6),
(600, 'usersModule - login API ', 'POST', '{"deviceId":"780fd0e9991d7d58","deviceType":"2","option":"userCardList","sessionToken":"619xttlxelcraogigdrbvyxqnlmttbjkhei294","userId":"6"}', '2017-01-30 12:01:30', 6),
(601, 'usersModule - login API ', 'POST', '{"deviceId":"780fd0e9991d7d58","deviceType":"2","option":"userCardDetails","sessionToken":"619xttlxelcraogigdrbvyxqnlmttbjkhei294","userId":"6","cardToken":"tok_19heJNBZMRlMI3U4u9qIVMjz"}', '2017-01-30 12:01:31', 6),
(602, 'usersModule - login API ', 'POST', '{"deviceId":"780fd0e9991d7d58","deviceType":"2","option":"userCardList","sessionToken":"619xttlxelcraogigdrbvyxqnlmttbjkhei294","userId":"6"}', '2017-01-30 12:01:31', 6),
(603, 'usersModule - login API ', 'POST', '{"deviceId":1,"deviceType":2,"option":"deleteCardDetails","sessionToken":"361pcsemteixrecnwlaindcflryovdnnbog167","userId":6,"cardId":"card_19heJNBZMRlMI3U41FXCIAvE"}', '2017-01-30 12:01:31', 6),
(604, 'usersModule - login API ', 'POST', '{"deviceId":"780fd0e9991d7d58","deviceType":"2","option":"userCardList","sessionToken":"619xttlxelcraogigdrbvyxqnlmttbjkhei294","userId":"6"}', '2017-01-30 12:01:31', 6),
(605, 'usersModule - login API ', 'POST', '{"deviceId":"780fd0e9991d7d58","deviceType":"2","option":"userCardList","sessionToken":"619xttlxelcraogigdrbvyxqnlmttbjkhei294","userId":"6"}', '2017-01-30 12:01:31', 6),
(606, 'usersModule - login API ', 'POST', '{"deviceId":"780fd0e9991d7d58","deviceType":"2","option":"userCardDetails","sessionToken":"619xttlxelcraogigdrbvyxqnlmttbjkhei294","userId":"6","cardToken":"tok_19heK8BZMRlMI3U4Y2BWmkcj"}', '2017-01-30 12:01:31', 6),
(607, 'usersModule - login API ', 'POST', '{"deviceId":"780fd0e9991d7d58","deviceType":"2","option":"userCardList","sessionToken":"619xttlxelcraogigdrbvyxqnlmttbjkhei294","userId":"6"}', '2017-01-30 12:01:32', 6),
(608, 'usersModule - login API ', 'POST', '{"deviceId":"780fd0e9991d7d58","deviceType":"2","option":"userCardList","sessionToken":"619xttlxelcraogigdrbvyxqnlmttbjkhei294","userId":"6"}', '2017-01-30 12:01:32', 6),
(609, 'usersModule - login API ', 'POST', '{"deviceId":"780fd0e9991d7d58","deviceType":"2","option":"userCardList","sessionToken":"619xttlxelcraogigdrbvyxqnlmttbjkhei294","userId":"6"}', '2017-01-30 12:01:32', 6),
(610, 'usersModule - login API ', 'POST', '{"deviceId":"780fd0e9991d7d58","deviceType":"2","option":"imageCount","sessionToken":"619xttlxelcraogigdrbvyxqnlmttbjkhei294","userId":"6"}', '2017-01-30 12:01:32', 6),
(611, 'usersModule - login API ', 'POST', '{"deviceId":"780fd0e9991d7d58","deviceType":"2","option":"userCardList","sessionToken":"619xttlxelcraogigdrbvyxqnlmttbjkhei294","userId":"6"}', '2017-01-30 12:01:32', 6),
(612, 'usersModule - login API ', 'POST', '{"deviceId":"780fd0e9991d7d58","deviceType":"2","option":"userCardList","sessionToken":"619xttlxelcraogigdrbvyxqnlmttbjkhei294","userId":"6"}', '2017-01-30 12:01:32', 6),
(613, 'usersModule - login API ', 'POST', '{"deviceId":1,"deviceType":2,"option":"deleteCardDetails","sessionToken":"361pcsemteixrecnwlaindcflryovdnnbog167","userId":6,"cardId":"card_19heK8BZMRlMI3U4Ng10bx52"}', '2017-01-30 12:01:33', 6),
(614, 'usersModule - login API ', 'POST', '{"deviceId":"780fd0e9991d7d58","deviceType":"2","option":"userCardList","sessionToken":"619xttlxelcraogigdrbvyxqnlmttbjkhei294","userId":"6"}', '2017-01-30 12:01:33', 6),
(615, 'usersModule - login API ', 'POST', '{"deviceId":"780fd0e9991d7d58","deviceType":"2","option":"userCardList","sessionToken":"619xttlxelcraogigdrbvyxqnlmttbjkhei294","userId":"6"}', '2017-01-30 12:01:33', 6),
(616, 'usersModule - login API ', 'POST', '{"deviceId":"780fd0e9991d7d58","deviceType":"2","option":"userCardList","sessionToken":"619xttlxelcraogigdrbvyxqnlmttbjkhei294","userId":"6"}', '2017-01-30 12:01:33', 6),
(617, 'usersModule - login API ', 'POST', '{"deviceId":"780fd0e9991d7d58","deviceType":"2","option":"userCardList","sessionToken":"619xttlxelcraogigdrbvyxqnlmttbjkhei294","userId":"6"}', '2017-01-30 12:01:33', 6),
(618, 'usersModule - login API ', 'POST', '{"deviceId":"780fd0e9991d7d58","deviceType":"2","option":"userCardDetails","sessionToken":"619xttlxelcraogigdrbvyxqnlmttbjkhei294","userId":"6","cardToken":"tok_19heMIBZMRlMI3U4teccf99R"}', '2017-01-30 12:01:34', 6),
(619, 'usersModule - login API ', 'POST', '{"deviceId":"780fd0e9991d7d58","deviceType":"2","option":"userCardList","sessionToken":"619xttlxelcraogigdrbvyxqnlmttbjkhei294","userId":"6"}', '2017-01-30 12:01:34', 6),
(620, 'usersModule - login API ', 'POST', '{"deviceId":"780fd0e9991d7d58","deviceType":"2","option":"userCardDetails","sessionToken":"619xttlxelcraogigdrbvyxqnlmttbjkhei294","userId":"6","cardToken":"tok_19heRGBZMRlMI3U4Aq5cOtNz"}', '2017-01-30 12:01:39', 6),
(621, 'usersModule - login API ', 'POST', '{"deviceId":"780fd0e9991d7d58","deviceType":"2","option":"userCardList","sessionToken":"619xttlxelcraogigdrbvyxqnlmttbjkhei294","userId":"6"}', '2017-01-30 12:01:39', 6),
(622, 'usersModule - login API ', 'POST', '{"deviceId":"780fd0e9991d7d58","deviceType":"2","option":"imageCount","sessionToken":"619xttlxelcraogigdrbvyxqnlmttbjkhei294","userId":"6"}', '2017-01-30 12:01:42', 6),
(623, 'usersModule - login API ', 'POST', '{"deviceId":"780fd0e9991d7d58","deviceType":"2","option":"userCardList","sessionToken":"619xttlxelcraogigdrbvyxqnlmttbjkhei294","userId":"6"}', '2017-01-30 12:01:42', 6),
(624, 'usersModule - login API ', 'POST', '{"deviceId":"780fd0e9991d7d58","deviceType":"2","option":"userCardList","sessionToken":"619xttlxelcraogigdrbvyxqnlmttbjkhei294","userId":"6"}', '2017-01-30 12:01:42', 6),
(625, 'usersModule - login API ', 'POST', '{"deviceId":1,"deviceType":2,"option":"deleteCardDetails","sessionToken":"361pcsemteixrecnwlaindcflryovdnnbog167","userId":6,"cardId":"card_19heRGBZMRlMI3U4b60VoMQY"}', '2017-01-30 12:01:42', 6),
(626, 'usersModule - login API ', 'POST', '{"deviceId":1,"deviceType":2,"option":"deleteCardDetails","sessionToken":"361pcsemteixrecnwlaindcflryovdnnbog167","userId":6,"cardId":"card_19heRGBZMRlMI3U4b60VoMQY"}', '2017-01-30 12:01:43', 6),
(627, 'usersModule - login API ', 'POST', '{"deviceId":1,"deviceType":2,"option":"deleteCardDetails","sessionToken":"361pcsemteixrecnwlaindcflryovdnnbog167","userId":6,"cardId":"card_19heRGBZMRlMI3U4b60VoMQY"}', '2017-01-30 12:01:44', 6),
(628, 'usersModule - login API ', 'POST', '{"deviceId":"780fd0e9991d7d58","deviceType":"2","option":"userCardList","sessionToken":"619xttlxelcraogigdrbvyxqnlmttbjkhei294","userId":"6"}', '2017-01-30 12:01:44', 6),
(629, 'usersModule - login API ', 'POST', '{"deviceId":"780fd0e9991d7d58","deviceType":"2","option":"userCardList","sessionToken":"619xttlxelcraogigdrbvyxqnlmttbjkhei294","userId":"6"}', '2017-01-30 12:01:44', 6),
(630, 'usersModule - login API ', 'POST', '{"deviceId":"780fd0e9991d7d58","deviceType":"2","option":"imageCount","sessionToken":"619xttlxelcraogigdrbvyxqnlmttbjkhei294","userId":"6"}', '2017-01-30 12:01:47', 6),
(631, 'usersModule - login API ', 'POST', '{"deviceId":"780fd0e9991d7d58","deviceType":"2","option":"userCardList","sessionToken":"619xttlxelcraogigdrbvyxqnlmttbjkhei294","userId":"6"}', '2017-01-30 12:01:47', 6),
(632, 'usersModule - login API ', 'POST', '{"deviceId":"780fd0e9991d7d58","deviceType":"2","option":"userCardList","sessionToken":"619xttlxelcraogigdrbvyxqnlmttbjkhei294","userId":"6"}', '2017-01-30 12:01:47', 6),
(633, 'usersModule - login API ', 'POST', '{"deviceId":1,"deviceType":2,"option":"deleteCardDetails","sessionToken":"619xttlxelcraogigdrbvyxqnlmttbjkhei294","userId":"6","cardId":"card_19heMIBZMRlMI3U4u2gESUBp"}', '2017-01-30 12:01:47', 6),
(634, 'usersModule - login API ', 'POST', '{"deviceId":"780fd0e9991d7d58","deviceType":"2","option":"userCardList","sessionToken":"619xttlxelcraogigdrbvyxqnlmttbjkhei294","userId":"6"}', '2017-01-30 12:01:47', 6),
(635, 'usersModule - login API ', 'POST', '{"deviceId":"780fd0e9991d7d58","deviceType":"2","option":"userCardList","sessionToken":"619xttlxelcraogigdrbvyxqnlmttbjkhei294","userId":"6"}', '2017-01-30 12:01:47', 6),
(636, 'usersModule - login API ', 'POST', '{"deviceId":"780fd0e9991d7d58","deviceType":"2","option":"userCardDetails","sessionToken":"619xttlxelcraogigdrbvyxqnlmttbjkhei294","userId":"6","cardToken":"tok_19heZsBZMRlMI3U4OAvZcz7p"}', '2017-01-30 12:01:48', 6),
(637, 'usersModule - login API ', 'POST', '{"deviceId":"780fd0e9991d7d58","deviceType":"2","option":"userCardList","sessionToken":"619xttlxelcraogigdrbvyxqnlmttbjkhei294","userId":"6"}', '2017-01-30 12:01:48', 6),
(638, 'usersModule - login API ', 'POST', '{"deviceId":"780fd0e9991d7d58","deviceType":"2","option":"userCardDetails","sessionToken":"619xttlxelcraogigdrbvyxqnlmttbjkhei294","userId":"6","cardToken":"tok_19heaHBZMRlMI3U4g8c4mFzn"}', '2017-01-30 12:01:48', 6),
(639, 'usersModule - login API ', 'POST', '{"deviceId":"780fd0e9991d7d58","deviceType":"2","option":"userCardList","sessionToken":"619xttlxelcraogigdrbvyxqnlmttbjkhei294","userId":"6"}', '2017-01-30 12:01:48', 6),
(640, 'usersModule - login API ', 'POST', '{"deviceId":1,"deviceType":2,"option":"deleteCardDetails","sessionToken":"619xttlxelcraogigdrbvyxqnlmttbjkhei294","userId":"6","cardId":"card_19heaHBZMRlMI3U46lTvmP8h"}', '2017-01-30 12:01:49', 6),
(641, 'usersModule - login API ', 'POST', '{"deviceId":"780fd0e9991d7d58","deviceType":"2","option":"userCardList","sessionToken":"619xttlxelcraogigdrbvyxqnlmttbjkhei294","userId":"6"}', '2017-01-30 12:01:49', 6),
(642, 'usersModule - login API ', 'POST', '{"deviceId":"780fd0e9991d7d58","deviceType":"2","option":"userCardList","sessionToken":"619xttlxelcraogigdrbvyxqnlmttbjkhei294","userId":"6"}', '2017-01-30 12:01:49', 6),
(643, 'usersModule - login API ', 'POST', '{"deviceId":"780fd0e9991d7d58","deviceType":"2","option":"imageCount","sessionToken":"619xttlxelcraogigdrbvyxqnlmttbjkhei294","userId":"6"}', '2017-01-30 01:01:00', 6),
(644, 'usersModule - login API ', 'POST', '{"deviceId":"780fd0e9991d7d58","deviceType":"2","option":"userCardList","sessionToken":"619xttlxelcraogigdrbvyxqnlmttbjkhei294","userId":"6"}', '2017-01-30 01:01:00', 6),
(645, 'usersModule - login API ', 'POST', '{"deviceId":"780fd0e9991d7d58","deviceType":"2","option":"userCardList","sessionToken":"619xttlxelcraogigdrbvyxqnlmttbjkhei294","userId":"6"}', '2017-01-30 01:01:00', 6),
(646, 'usersModule - login API ', 'POST', '{"deviceId":1,"deviceType":2,"option":"deleteCardDetails","sessionToken":"619xttlxelcraogigdrbvyxqnlmttbjkhei294","userId":"6","cardId":"card_19heZsBZMRlMI3U4Jt0KFfKJ"}', '2017-01-30 01:01:00', 6),
(647, 'usersModule - login API ', 'POST', '{"deviceId":"780fd0e9991d7d58","deviceType":"2","option":"userCardDetails","sessionToken":"619xttlxelcraogigdrbvyxqnlmttbjkhei294","userId":"6","cardToken":"tok_19hemHBZMRlMI3U48GNyVP2a"}', '2017-01-30 01:01:01', 6),
(648, 'usersModule - login API ', 'POST', '{"deviceId":"780fd0e9991d7d58","deviceType":"2","option":"userCardList","sessionToken":"619xttlxelcraogigdrbvyxqnlmttbjkhei294","userId":"6"}', '2017-01-30 01:01:01', 6),
(649, 'usersModule - login API ', 'POST', '{"deviceId":"780fd0e9991d7d58","deviceType":"2","option":"userCardDetails","sessionToken":"619xttlxelcraogigdrbvyxqnlmttbjkhei294","userId":"6","cardToken":"tok_19hemYBZMRlMI3U4xdk2kCnq"}', '2017-01-30 01:01:01', 6),
(650, 'usersModule - login API ', 'POST', '{"deviceId":"780fd0e9991d7d58","deviceType":"2","option":"userCardList","sessionToken":"619xttlxelcraogigdrbvyxqnlmttbjkhei294","userId":"6"}', '2017-01-30 01:01:01', 6),
(651, 'usersModule - login API ', 'POST', '{"deviceId":1,"deviceType":2,"option":"deleteCardDetails","sessionToken":"619xttlxelcraogigdrbvyxqnlmttbjkhei294","userId":"6","cardId":"card_19hemYBZMRlMI3U4zcXpreYS"}', '2017-01-30 01:01:01', 6),
(652, 'usersModule - login API ', 'POST', '{"deviceId":1,"deviceType":2,"option":"deleteCardDetails","sessionToken":"619xttlxelcraogigdrbvyxqnlmttbjkhei294","userId":"6","cardId":"card_19hemYBZMRlMI3U4zcXpreYS"}', '2017-01-30 01:01:01', 6),
(653, 'usersModule - login API ', 'POST', '{"deviceId":"780fd0e9991d7d58","deviceType":"2","option":"userCardDetails","sessionToken":"619xttlxelcraogigdrbvyxqnlmttbjkhei294","userId":"6","cardToken":"tok_19hen7BZMRlMI3U4IO48yVcR"}', '2017-01-30 01:01:01', 6),
(654, 'usersModule - login API ', 'POST', '{"deviceId":"780fd0e9991d7d58","deviceType":"2","option":"userCardList","sessionToken":"619xttlxelcraogigdrbvyxqnlmttbjkhei294","userId":"6"}', '2017-01-30 01:01:01', 6),
(655, 'usersModule - login API ', 'POST', '{"deviceId":1,"deviceType":2,"option":"deleteCardDetails","sessionToken":"619xttlxelcraogigdrbvyxqnlmttbjkhei294","userId":"6","cardId":"card_19hen7BZMRlMI3U4sgRsDCYH"}', '2017-01-30 01:01:04', 6),
(656, 'usersModule - login API ', 'POST', '{"deviceId":1,"deviceType":2,"option":"deleteCardDetails","sessionToken":"619xttlxelcraogigdrbvyxqnlmttbjkhei294","userId":"6","cardId":"card_19hemHBZMRlMI3U48yiDmBW6"}', '2017-01-30 01:01:04', 6),
(657, 'usersModule - login API ', 'POST', '{"deviceId":"780fd0e9991d7d58","deviceType":"2","option":"userCardList","sessionToken":"619xttlxelcraogigdrbvyxqnlmttbjkhei294","userId":"6"}', '2017-01-30 01:01:04', 6),
(658, 'usersModule - login API ', 'POST', '{"deviceId":"780fd0e9991d7d58","deviceType":"2","option":"userCardList","sessionToken":"619xttlxelcraogigdrbvyxqnlmttbjkhei294","userId":"6"}', '2017-01-30 01:01:04', 6),
(659, 'usersModule - login API ', 'POST', '{"deviceId":"780fd0e9991d7d58","deviceType":"2","option":"userCardDetails","sessionToken":"619xttlxelcraogigdrbvyxqnlmttbjkhei294","userId":"6","cardToken":"tok_19hepgBZMRlMI3U4Oc291ALk"}', '2017-01-30 01:01:04', 6),
(660, 'usersModule - login API ', 'POST', '{"deviceId":"780fd0e9991d7d58","deviceType":"2","option":"userCardList","sessionToken":"619xttlxelcraogigdrbvyxqnlmttbjkhei294","userId":"6"}', '2017-01-30 01:01:04', 6),
(661, 'usersModule - login API ', 'POST', '{"deviceId":"780fd0e9991d7d58","deviceType":"2","option":"userCardDetails","sessionToken":"619xttlxelcraogigdrbvyxqnlmttbjkhei294","userId":"6","cardToken":"tok_19hepvBZMRlMI3U4cS8VsBSB"}', '2017-01-30 01:01:04', 6),
(662, 'usersModule - login API ', 'POST', '{"deviceId":"780fd0e9991d7d58","deviceType":"2","option":"userCardList","sessionToken":"619xttlxelcraogigdrbvyxqnlmttbjkhei294","userId":"6"}', '2017-01-30 01:01:04', 6),
(663, 'usersModule - login API ', 'POST', '{"deviceId":1,"deviceType":2,"option":"deleteCardDetails","sessionToken":"619xttlxelcraogigdrbvyxqnlmttbjkhei294","userId":"6","cardId":"card_19hepvBZMRlMI3U4HkI27rUv"}', '2017-01-30 01:01:05', 6),
(664, 'usersModule - login API ', 'POST', '{"deviceId":1,"deviceType":2,"option":"deleteCardDetails","sessionToken":"619xttlxelcraogigdrbvyxqnlmttbjkhei294","userId":"6","cardId":"card_19hepvBZMRlMI3U4HkI27rUv"}', '2017-01-30 01:01:05', 6),
(665, 'usersModule - login API ', 'POST', '{"deviceId":"780fd0e9991d7d58","deviceType":"2","option":"userCardDetails","sessionToken":"619xttlxelcraogigdrbvyxqnlmttbjkhei294","userId":"6","cardToken":"tok_19heqWBZMRlMI3U42bf72naK"}', '2017-01-30 01:01:05', 6);
INSERT INTO `store_posts` (`id`, `module_name`, `type_of_request`, `request_content`, `created_on`, `created_by`) VALUES
(666, 'usersModule - login API ', 'POST', '{"deviceId":"780fd0e9991d7d58","deviceType":"2","option":"userCardList","sessionToken":"619xttlxelcraogigdrbvyxqnlmttbjkhei294","userId":"6"}', '2017-01-30 01:01:05', 6),
(667, 'usersModule - login API ', 'POST', '{"deviceId":1,"deviceType":2,"option":"deleteCardDetails","sessionToken":"619xttlxelcraogigdrbvyxqnlmttbjkhei294","userId":"6","cardId":"card_19heqWBZMRlMI3U4hZyhjxvC"}', '2017-01-30 01:01:05', 6),
(668, 'usersModule - login API ', 'POST', '{"deviceId":1,"deviceType":2,"option":"deleteCardDetails","sessionToken":"619xttlxelcraogigdrbvyxqnlmttbjkhei294","userId":"6","cardId":"card_19hepgBZMRlMI3U4yoieiMlT"}', '2017-01-30 01:01:05', 6),
(669, 'usersModule - login API ', 'POST', '{"deviceId":"780fd0e9991d7d58","deviceType":"2","option":"userCardDetails","sessionToken":"619xttlxelcraogigdrbvyxqnlmttbjkhei294","userId":"6","cardToken":"tok_19herABZMRlMI3U4yCC0t7LX"}', '2017-01-30 01:01:06', 6),
(670, 'usersModule - login API ', 'POST', '{"deviceId":"780fd0e9991d7d58","deviceType":"2","option":"userCardList","sessionToken":"619xttlxelcraogigdrbvyxqnlmttbjkhei294","userId":"6"}', '2017-01-30 01:01:06', 6),
(671, 'usersModule - login API ', 'POST', '{"deviceId":1,"deviceType":2,"option":"deleteCardDetails","sessionToken":"619xttlxelcraogigdrbvyxqnlmttbjkhei294","userId":"6","cardId":"card_19herABZMRlMI3U4kJsjf1IH"}', '2017-01-30 01:01:06', 6),
(672, 'usersModule - login API ', 'POST', '{"deviceId":"780fd0e9991d7d58","deviceType":"2","option":"userCardDetails","sessionToken":"619xttlxelcraogigdrbvyxqnlmttbjkhei294","userId":"6","cardToken":"tok_19herVBZMRlMI3U4NQV5ewEJ"}', '2017-01-30 01:01:06', 6),
(673, 'usersModule - login API ', 'POST', '{"deviceId":"780fd0e9991d7d58","deviceType":"2","option":"userCardList","sessionToken":"619xttlxelcraogigdrbvyxqnlmttbjkhei294","userId":"6"}', '2017-01-30 01:01:06', 6),
(674, 'usersModule - login API ', 'POST', '{"deviceId":"780fd0e9991d7d58","deviceType":"2","option":"userCardList","sessionToken":"619xttlxelcraogigdrbvyxqnlmttbjkhei294","userId":"6"}', '2017-01-30 01:01:06', 6),
(675, 'usersModule - login API ', 'POST', '{"deviceId":"780fd0e9991d7d58","deviceType":"2","option":"userCardList","sessionToken":"619xttlxelcraogigdrbvyxqnlmttbjkhei294","userId":"6"}', '2017-01-30 01:01:06', 6),
(676, 'usersModule - login API ', 'POST', '{"deviceId":"780fd0e9991d7d58","deviceType":"2","option":"userCardDetails","sessionToken":"619xttlxelcraogigdrbvyxqnlmttbjkhei294","userId":"6","cardToken":"tok_19herqBZMRlMI3U43hoV8Dan"}', '2017-01-30 01:01:06', 6),
(677, 'usersModule - login API ', 'POST', '{"deviceId":"780fd0e9991d7d58","deviceType":"2","option":"userCardList","sessionToken":"619xttlxelcraogigdrbvyxqnlmttbjkhei294","userId":"6"}', '2017-01-30 01:01:06', 6),
(678, 'usersModule - login API ', 'POST', '{"deviceId":1,"deviceType":2,"option":"deleteCardDetails","sessionToken":"619xttlxelcraogigdrbvyxqnlmttbjkhei294","userId":"6","cardId":"card_19herqBZMRlMI3U4HtatUgYS"}', '2017-01-30 01:01:06', 6),
(679, 'usersModule - login API ', 'POST', '{"deviceId":1,"deviceType":2,"option":"deleteCardDetails","sessionToken":"619xttlxelcraogigdrbvyxqnlmttbjkhei294","userId":"6","cardId":"card_19herVBZMRlMI3U4ekabD4b6"}', '2017-01-30 01:01:07', 6),
(680, 'usersModule - login API ', 'POST', '{"deviceId":"780fd0e9991d7d58","deviceType":"2","option":"userCardDetails","sessionToken":"619xttlxelcraogigdrbvyxqnlmttbjkhei294","userId":"6","cardToken":"tok_19hesLBZMRlMI3U4NJC9PFea"}', '2017-01-30 01:01:07', 6),
(681, 'usersModule - login API ', 'POST', '{"deviceId":"780fd0e9991d7d58","deviceType":"2","option":"userCardList","sessionToken":"619xttlxelcraogigdrbvyxqnlmttbjkhei294","userId":"6"}', '2017-01-30 01:01:07', 6),
(682, 'usersModule - login API ', 'POST', '{"deviceId":"780fd0e9991d7d58","deviceType":"2","option":"userCardDetails","sessionToken":"619xttlxelcraogigdrbvyxqnlmttbjkhei294","userId":"6","cardToken":"tok_19heseBZMRlMI3U4Ty1ySbl3"}', '2017-01-30 01:01:07', 6),
(683, 'usersModule - login API ', 'POST', '{"deviceId":"780fd0e9991d7d58","deviceType":"2","option":"userCardList","sessionToken":"619xttlxelcraogigdrbvyxqnlmttbjkhei294","userId":"6"}', '2017-01-30 01:01:07', 6),
(684, 'usersModule - login API ', 'POST', '{"deviceId":"780fd0e9991d7d58","deviceType":"2","option":"imageCount","sessionToken":"619xttlxelcraogigdrbvyxqnlmttbjkhei294","userId":"6"}', '2017-01-30 01:01:08', 6),
(685, 'usersModule - login API ', 'POST', '{"deviceId":"780fd0e9991d7d58","deviceType":"2","option":"userCardList","sessionToken":"619xttlxelcraogigdrbvyxqnlmttbjkhei294","userId":"6"}', '2017-01-30 01:01:08', 6),
(686, 'usersModule - login API ', 'POST', '{"deviceId":"780fd0e9991d7d58","deviceType":"2","option":"userCardList","sessionToken":"619xttlxelcraogigdrbvyxqnlmttbjkhei294","userId":"6"}', '2017-01-30 01:01:08', 6),
(687, 'usersModule - login API ', 'POST', '{"deviceId":1,"deviceType":2,"option":"deleteCardDetails","sessionToken":"619xttlxelcraogigdrbvyxqnlmttbjkhei294","userId":"6","cardId":"card_19hesdBZMRlMI3U4lrJVbw8T"}', '2017-01-30 01:01:08', 6),
(688, 'usersModule - login API ', 'POST', '{"deviceId":"780fd0e9991d7d58","deviceType":"2","option":"userCardDetails","sessionToken":"619xttlxelcraogigdrbvyxqnlmttbjkhei294","userId":"6","cardToken":"tok_19hetZBZMRlMI3U49YfVn4Ez"}', '2017-01-30 01:01:08', 6),
(689, 'usersModule - login API ', 'POST', '{"deviceId":"780fd0e9991d7d58","deviceType":"2","option":"userCardList","sessionToken":"619xttlxelcraogigdrbvyxqnlmttbjkhei294","userId":"6"}', '2017-01-30 01:01:08', 6),
(690, 'usersModule - login API ', 'POST', '{"deviceId":"780fd0e9991d7d58","deviceType":"2","option":"userCardDetails","sessionToken":"619xttlxelcraogigdrbvyxqnlmttbjkhei294","userId":"6","cardToken":"tok_19hetwBZMRlMI3U4iaEVPx1I"}', '2017-01-30 01:01:08', 6),
(691, 'usersModule - login API ', 'POST', '{"deviceId":"780fd0e9991d7d58","deviceType":"2","option":"userCardList","sessionToken":"619xttlxelcraogigdrbvyxqnlmttbjkhei294","userId":"6"}', '2017-01-30 01:01:09', 6),
(692, 'usersModule - login API ', 'POST', '{"deviceId":"780fd0e9991d7d58","deviceType":"2","option":"userCardDetails","sessionToken":"619xttlxelcraogigdrbvyxqnlmttbjkhei294","userId":"6","cardToken":"tok_19heuKBZMRlMI3U4vz5QqRJc"}', '2017-01-30 01:01:09', 6),
(693, 'usersModule - login API ', 'POST', '{"deviceId":"780fd0e9991d7d58","deviceType":"2","option":"userCardList","sessionToken":"619xttlxelcraogigdrbvyxqnlmttbjkhei294","userId":"6"}', '2017-01-30 01:01:09', 6),
(694, 'usersModule - login API ', 'POST', '{"deviceId":1,"deviceType":2,"option":"deleteCardDetails","sessionToken":"619xttlxelcraogigdrbvyxqnlmttbjkhei294","userId":"6","cardId":"card_19hetZBZMRlMI3U49DacVm7C"}', '2017-01-30 01:01:09', 6),
(695, 'usersModule - login API ', 'POST', '{"deviceId":1,"deviceType":2,"option":"deleteCardDetails","sessionToken":"619xttlxelcraogigdrbvyxqnlmttbjkhei294","userId":"6","cardId":"card_19hetZBZMRlMI3U49DacVm7C"}', '2017-01-30 01:01:10', 6),
(696, 'usersModule - login API ', 'POST', '{"deviceId":1,"deviceType":2,"option":"deleteCardDetails","sessionToken":"619xttlxelcraogigdrbvyxqnlmttbjkhei294","userId":"6","cardId":"card_19hetZBZMRlMI3U49DacVm7C"}', '2017-01-30 01:01:10', 6),
(697, 'usersModule - login API ', 'POST', '{"deviceId":"780fd0e9991d7d58","deviceType":"2","option":"imageCount","sessionToken":"619xttlxelcraogigdrbvyxqnlmttbjkhei294","userId":"6"}', '2017-01-30 01:01:10', 6),
(698, 'usersModule - login API ', 'POST', '{"deviceId":"780fd0e9991d7d58","deviceType":"2","option":"userCardList","sessionToken":"619xttlxelcraogigdrbvyxqnlmttbjkhei294","userId":"6"}', '2017-01-30 01:01:10', 6),
(699, 'usersModule - login API ', 'POST', '{"deviceId":"780fd0e9991d7d58","deviceType":"2","option":"userCardList","sessionToken":"619xttlxelcraogigdrbvyxqnlmttbjkhei294","userId":"6"}', '2017-01-30 01:01:10', 6),
(700, 'usersModule - login API ', 'POST', '{"deviceId":1,"deviceType":2,"option":"deleteCardDetails","sessionToken":"619xttlxelcraogigdrbvyxqnlmttbjkhei294","userId":"6","cardId":"card_19hetwBZMRlMI3U4VIrjlpff"}', '2017-01-30 01:01:11', 6),
(701, 'usersModule - login API ', 'POST', '{"deviceId":1,"deviceType":2,"option":"deleteCardDetails","sessionToken":"619xttlxelcraogigdrbvyxqnlmttbjkhei294","userId":"6","cardId":"card_19hetwBZMRlMI3U4VIrjlpff"}', '2017-01-30 01:01:11', 6),
(702, 'usersModule - login API ', 'POST', '{"deviceId":"780fd0e9991d7d58","deviceType":"2","option":"userCardList","sessionToken":"619xttlxelcraogigdrbvyxqnlmttbjkhei294","userId":"6"}', '2017-01-30 01:01:11', 6),
(703, 'usersModule - login API ', 'POST', '{"deviceId":"780fd0e9991d7d58","deviceType":"2","option":"userCardList","sessionToken":"619xttlxelcraogigdrbvyxqnlmttbjkhei294","userId":"6"}', '2017-01-30 01:01:11', 6),
(704, 'usersModule - login API ', 'POST', '{"deviceId":1,"deviceType":2,"option":"deleteCardDetails","sessionToken":"619xttlxelcraogigdrbvyxqnlmttbjkhei294","userId":"6","cardId":"card_19heuKBZMRlMI3U4P4Xhfg52"}', '2017-01-30 01:01:11', 6),
(705, 'usersModule - login API ', 'POST', '{"deviceId":"780fd0e9991d7d58","deviceType":"2","option":"userCardDetails","sessionToken":"619xttlxelcraogigdrbvyxqnlmttbjkhei294","userId":"6","cardToken":"tok_19hex3BZMRlMI3U41nn698yy"}', '2017-01-30 01:01:12', 6),
(706, 'usersModule - login API ', 'POST', '{"deviceId":"780fd0e9991d7d58","deviceType":"2","option":"userCardList","sessionToken":"619xttlxelcraogigdrbvyxqnlmttbjkhei294","userId":"6"}', '2017-01-30 01:01:12', 6),
(707, 'usersModule - login API ', 'POST', '{"deviceId":1,"deviceType":2,"option":"deleteCardDetails","sessionToken":"619xttlxelcraogigdrbvyxqnlmttbjkhei294","userId":"6","cardId":"card_19hex3BZMRlMI3U4Q6MGLLI8"}', '2017-01-30 01:01:12', 6),
(708, 'usersModule - login API ', 'POST', '{"deviceId":"780fd0e9991d7d58","deviceType":"2","option":"imageCount","sessionToken":"619xttlxelcraogigdrbvyxqnlmttbjkhei294","userId":"6"}', '2017-01-30 01:01:13', 6),
(709, 'usersModule - login API ', 'POST', '{"deviceId":"780fd0e9991d7d58","deviceType":"2","option":"userCardList","sessionToken":"619xttlxelcraogigdrbvyxqnlmttbjkhei294","userId":"6"}', '2017-01-30 01:01:13', 6),
(710, 'usersModule - login API ', 'POST', '{"deviceId":"780fd0e9991d7d58","deviceType":"2","option":"userCardList","sessionToken":"619xttlxelcraogigdrbvyxqnlmttbjkhei294","userId":"6"}', '2017-01-30 01:01:13', 6),
(711, 'usersModule - login API ', 'POST', '{"deviceId":"780fd0e9991d7d58","deviceType":"2","option":"userCardDetails","sessionToken":"619xttlxelcraogigdrbvyxqnlmttbjkhei294","userId":"6","cardToken":"tok_19heyTBZMRlMI3U4pu5DahJE"}', '2017-01-30 01:01:13', 6),
(712, 'usersModule - login API ', 'POST', '{"deviceId":"780fd0e9991d7d58","deviceType":"2","option":"userCardList","sessionToken":"619xttlxelcraogigdrbvyxqnlmttbjkhei294","userId":"6"}', '2017-01-30 01:01:13', 6),
(713, 'usersModule - login API ', 'POST', '{"deviceId":"780fd0e9991d7d58","deviceType":"2","option":"userCardDetails","sessionToken":"619xttlxelcraogigdrbvyxqnlmttbjkhei294","userId":"6","cardToken":"tok_19heyjBZMRlMI3U4SxBN4LBK"}', '2017-01-30 01:01:13', 6),
(714, 'usersModule - login API ', 'POST', '{"deviceId":"780fd0e9991d7d58","deviceType":"2","option":"userCardList","sessionToken":"619xttlxelcraogigdrbvyxqnlmttbjkhei294","userId":"6"}', '2017-01-30 01:01:13', 6),
(715, 'usersModule - login API ', 'POST', '{"deviceId":1,"deviceType":2,"option":"deleteCardDetails","sessionToken":"619xttlxelcraogigdrbvyxqnlmttbjkhei294","userId":"6","cardId":"card_19heyTBZMRlMI3U4nYgncup4"}', '2017-01-30 01:01:14', 6),
(716, 'usersModule - login API ', 'POST', '{"deviceId":1,"deviceType":2,"option":"deleteCardDetails","sessionToken":"619xttlxelcraogigdrbvyxqnlmttbjkhei294","userId":"6","cardId":"card_19heyjBZMRlMI3U4RBRxU2Hl"}', '2017-01-30 01:01:14', 6),
(717, 'usersModule - login API ', 'POST', '{"deviceId":"780fd0e9991d7d58","deviceType":"2","option":"userCardDetails","sessionToken":"619xttlxelcraogigdrbvyxqnlmttbjkhei294","userId":"6","cardToken":"tok_19hezPBZMRlMI3U4EHo3SI4m"}', '2017-01-30 01:01:14', 6),
(718, 'usersModule - login API ', 'POST', '{"deviceId":"780fd0e9991d7d58","deviceType":"2","option":"userCardList","sessionToken":"619xttlxelcraogigdrbvyxqnlmttbjkhei294","userId":"6"}', '2017-01-30 01:01:14', 6),
(719, 'usersModule - login API ', 'POST', '{"deviceId":"780fd0e9991d7d58","deviceType":"2","option":"userCardDetails","sessionToken":"619xttlxelcraogigdrbvyxqnlmttbjkhei294","userId":"6","cardToken":"tok_19hezgBZMRlMI3U4B01Y8e1j"}', '2017-01-30 01:01:14', 6),
(720, 'usersModule - login API ', 'POST', '{"deviceId":"780fd0e9991d7d58","deviceType":"2","option":"userCardList","sessionToken":"619xttlxelcraogigdrbvyxqnlmttbjkhei294","userId":"6"}', '2017-01-30 01:01:14', 6),
(721, 'usersModule - login API ', 'POST', '{"deviceId":"780fd0e9991d7d58","deviceType":"2","option":"userCardDetails","sessionToken":"619xttlxelcraogigdrbvyxqnlmttbjkhei294","userId":"6","cardToken":"tok_19hezuBZMRlMI3U4YzsNG2HP"}', '2017-01-30 01:01:15', 6),
(722, 'usersModule - login API ', 'POST', '{"deviceId":"780fd0e9991d7d58","deviceType":"2","option":"userCardList","sessionToken":"619xttlxelcraogigdrbvyxqnlmttbjkhei294","userId":"6"}', '2017-01-30 01:01:15', 6),
(723, 'usersModule - login API ', 'POST', '{"deviceId":1,"deviceType":2,"option":"deleteCardDetails","sessionToken":"619xttlxelcraogigdrbvyxqnlmttbjkhei294","userId":"6","cardId":"card_19hezPBZMRlMI3U41MdVMPBe"}', '2017-01-30 01:01:15', 6),
(724, 'usersModule - login API ', 'POST', '{"deviceId":1,"deviceType":2,"option":"deleteCardDetails","sessionToken":"619xttlxelcraogigdrbvyxqnlmttbjkhei294","userId":"6","cardId":"card_19hezPBZMRlMI3U41MdVMPBe"}', '2017-01-30 01:01:15', 6),
(725, 'usersModule - login API ', 'POST', '{"deviceId":"780fd0e9991d7d58","deviceType":"2","option":"userCardList","sessionToken":"619xttlxelcraogigdrbvyxqnlmttbjkhei294","userId":"6"}', '2017-01-30 01:01:15', 6),
(726, 'usersModule - login API ', 'POST', '{"deviceId":"780fd0e9991d7d58","deviceType":"2","option":"userCardList","sessionToken":"619xttlxelcraogigdrbvyxqnlmttbjkhei294","userId":"6"}', '2017-01-30 01:01:15', 6),
(727, 'usersModule - login API ', 'POST', '{"deviceId":1,"deviceType":2,"option":"deleteCardDetails","sessionToken":"619xttlxelcraogigdrbvyxqnlmttbjkhei294","userId":"6","cardId":"card_19hezgBZMRlMI3U4sfXa1B33"}', '2017-01-30 01:01:15', 6),
(728, 'usersModule - login API ', 'POST', '{"deviceId":1,"deviceType":2,"option":"deleteCardDetails","sessionToken":"619xttlxelcraogigdrbvyxqnlmttbjkhei294","userId":"6","cardId":"card_19hezgBZMRlMI3U4sfXa1B33"}', '2017-01-30 01:01:15', 6),
(729, 'usersModule - login API ', 'POST', '{"deviceId":"780fd0e9991d7d58","deviceType":"2","option":"userCardList","sessionToken":"619xttlxelcraogigdrbvyxqnlmttbjkhei294","userId":"6"}', '2017-01-30 01:01:16', 6),
(730, 'usersModule - login API ', 'POST', '{"deviceId":"780fd0e9991d7d58","deviceType":"2","option":"userCardList","sessionToken":"619xttlxelcraogigdrbvyxqnlmttbjkhei294","userId":"6"}', '2017-01-30 01:01:16', 6),
(731, 'usersModule - login API ', 'POST', '{"deviceId":1,"deviceType":2,"option":"deleteCardDetails","sessionToken":"619xttlxelcraogigdrbvyxqnlmttbjkhei294","userId":"6","cardId":"card_19hezuBZMRlMI3U4OwUxFLVg"}', '2017-01-30 01:01:16', 6),
(732, 'usersModule - login API ', 'POST', '{"deviceId":1,"deviceType":2,"option":"deleteCardDetails","sessionToken":"619xttlxelcraogigdrbvyxqnlmttbjkhei294","userId":"6","cardId":"card_19hezuBZMRlMI3U4OwUxFLVg"}', '2017-01-30 01:01:16', 6),
(733, 'usersModule - login API ', 'POST', '{"deviceId":"780fd0e9991d7d58","deviceType":"2","option":"userCardList","sessionToken":"619xttlxelcraogigdrbvyxqnlmttbjkhei294","userId":"6"}', '2017-01-30 01:01:16', 6),
(734, 'usersModule - login API ', 'POST', '{"deviceId":"780fd0e9991d7d58","deviceType":"2","option":"userCardList","sessionToken":"619xttlxelcraogigdrbvyxqnlmttbjkhei294","userId":"6"}', '2017-01-30 01:01:16', 6),
(735, 'usersModule - login API ', 'POST', '{"deviceId":"780fd0e9991d7d58","deviceType":"2","option":"imageCount","sessionToken":"619xttlxelcraogigdrbvyxqnlmttbjkhei294","userId":"6"}', '2017-01-30 01:01:17', 6),
(736, 'usersModule - login API ', 'POST', '{"deviceId":"780fd0e9991d7d58","deviceType":"2","option":"userCardList","sessionToken":"619xttlxelcraogigdrbvyxqnlmttbjkhei294","userId":"6"}', '2017-01-30 01:01:18', 6),
(737, 'usersModule - login API ', 'POST', '{"deviceId":"780fd0e9991d7d58","deviceType":"2","option":"userCardList","sessionToken":"619xttlxelcraogigdrbvyxqnlmttbjkhei294","userId":"6"}', '2017-01-30 01:01:18', 6),
(738, 'usersModule - login API ', 'POST', '{"deviceId":"780fd0e9991d7d58","deviceType":"2","option":"userCardDetails","sessionToken":"619xttlxelcraogigdrbvyxqnlmttbjkhei294","userId":"6","cardToken":"tok_19hf3KBZMRlMI3U4u9caUski"}', '2017-01-30 01:01:18', 6),
(739, 'usersModule - login API ', 'POST', '{"deviceId":"780fd0e9991d7d58","deviceType":"2","option":"userCardList","sessionToken":"619xttlxelcraogigdrbvyxqnlmttbjkhei294","userId":"6"}', '2017-01-30 01:01:18', 6),
(740, 'usersModule - login API ', 'POST', '{"deviceId":1,"deviceType":2,"option":"deleteCardDetails","sessionToken":"619xttlxelcraogigdrbvyxqnlmttbjkhei294","userId":"6","cardId":"card_19hf3KBZMRlMI3U4NbWNy1bV"}', '2017-01-30 01:01:19', 6),
(741, 'usersModule - login API ', 'POST', '{"deviceId":1,"deviceType":2,"option":"deleteCardDetails","sessionToken":"619xttlxelcraogigdrbvyxqnlmttbjkhei294","userId":"6","cardId":"card_19hf3KBZMRlMI3U4NbWNy1bV"}', '2017-01-30 01:01:19', 6),
(742, 'usersModule - login API ', 'POST', '{"deviceId":"780fd0e9991d7d58","deviceType":"2","option":"userCardList","sessionToken":"619xttlxelcraogigdrbvyxqnlmttbjkhei294","userId":"6"}', '2017-01-30 01:01:19', 6),
(743, 'usersModule - login API ', 'POST', '{"deviceId":"780fd0e9991d7d58","deviceType":"2","option":"userCardList","sessionToken":"619xttlxelcraogigdrbvyxqnlmttbjkhei294","userId":"6"}', '2017-01-30 01:01:19', 6),
(744, 'usersModule - login API ', 'POST', '{"deviceId":"780fd0e9991d7d58","deviceType":"2","option":"imageCount","sessionToken":"619xttlxelcraogigdrbvyxqnlmttbjkhei294","userId":"6"}', '2017-01-30 01:01:20', 6),
(745, 'usersModule - login API ', 'POST', '{"deviceId":"780fd0e9991d7d58","deviceType":"2","option":"userCardList","sessionToken":"619xttlxelcraogigdrbvyxqnlmttbjkhei294","userId":"6"}', '2017-01-30 01:01:20', 6),
(746, 'usersModule - login API ', 'POST', '{"deviceId":"780fd0e9991d7d58","deviceType":"2","option":"userCardList","sessionToken":"619xttlxelcraogigdrbvyxqnlmttbjkhei294","userId":"6"}', '2017-01-30 01:01:20', 6),
(747, 'usersModule - login API ', 'POST', '{"deviceId":"780fd0e9991d7d58","deviceType":"2","option":"userCardDetails","sessionToken":"619xttlxelcraogigdrbvyxqnlmttbjkhei294","userId":"6","cardToken":"tok_19hf5XBZMRlMI3U4ksGNvAEx"}', '2017-01-30 01:01:20', 6),
(748, 'usersModule - login API ', 'POST', '{"deviceId":"780fd0e9991d7d58","deviceType":"2","option":"userCardList","sessionToken":"619xttlxelcraogigdrbvyxqnlmttbjkhei294","userId":"6"}', '2017-01-30 01:01:20', 6),
(749, 'usersModule - login API ', 'POST', '{"deviceId":1,"deviceType":2,"option":"deleteCardDetails","sessionToken":"619xttlxelcraogigdrbvyxqnlmttbjkhei294","userId":"6","cardId":"card_19hf5XBZMRlMI3U4O97AeFRD"}', '2017-01-30 01:01:21', 6),
(750, 'usersModule - login API ', 'POST', '{"deviceId":"780fd0e9991d7d58","deviceType":"2","option":"imageCount","sessionToken":"619xttlxelcraogigdrbvyxqnlmttbjkhei294","userId":"6"}', '2017-01-30 01:01:21', 6),
(751, 'usersModule - login API ', 'POST', '{"deviceId":"780fd0e9991d7d58","deviceType":"2","option":"userCardList","sessionToken":"619xttlxelcraogigdrbvyxqnlmttbjkhei294","userId":"6"}', '2017-01-30 01:01:21', 6),
(752, 'usersModule - login API ', 'POST', '{"deviceId":"780fd0e9991d7d58","deviceType":"2","option":"userCardList","sessionToken":"619xttlxelcraogigdrbvyxqnlmttbjkhei294","userId":"6"}', '2017-01-30 01:01:21', 6),
(753, 'usersModule - login API ', 'POST', '{"deviceId":"780fd0e9991d7d58","deviceType":"2","option":"userCardDetails","sessionToken":"619xttlxelcraogigdrbvyxqnlmttbjkhei294","userId":"6","cardToken":"tok_19hf6lBZMRlMI3U4mPExgsFQ"}', '2017-01-30 01:01:22', 6),
(754, 'usersModule - login API ', 'POST', '{"deviceId":"780fd0e9991d7d58","deviceType":"2","option":"userCardList","sessionToken":"619xttlxelcraogigdrbvyxqnlmttbjkhei294","userId":"6"}', '2017-01-30 01:01:22', 6),
(755, 'usersModule - login API ', 'POST', '{"deviceId":1,"deviceType":2,"option":"deleteCardDetails","sessionToken":"619xttlxelcraogigdrbvyxqnlmttbjkhei294","userId":"6","cardId":"card_19hf6lBZMRlMI3U4vHozCaPm"}', '2017-01-30 01:01:22', 6),
(756, 'usersModule - login API ', 'POST', '{"deviceId":1,"deviceType":2,"option":"deleteCardDetails","sessionToken":"619xttlxelcraogigdrbvyxqnlmttbjkhei294","userId":"6","cardId":"card_19hf6lBZMRlMI3U4vHozCaPm"}', '2017-01-30 01:01:22', 6),
(757, 'usersModule - login API ', 'POST', '{"deviceId":"780fd0e9991d7d58","deviceType":"2","option":"userCardList","sessionToken":"619xttlxelcraogigdrbvyxqnlmttbjkhei294","userId":"6"}', '2017-01-30 01:01:22', 6),
(758, 'usersModule - login API ', 'POST', '{"deviceId":"780fd0e9991d7d58","deviceType":"2","option":"userCardList","sessionToken":"619xttlxelcraogigdrbvyxqnlmttbjkhei294","userId":"6"}', '2017-01-30 01:01:22', 6),
(759, 'usersModule - login API ', 'POST', '{"deviceId":"780fd0e9991d7d58","deviceType":"2","option":"userCardDetails","sessionToken":"619xttlxelcraogigdrbvyxqnlmttbjkhei294","userId":"6","cardToken":"tok_19hf7mBZMRlMI3U49Cvm44Eh"}', '2017-01-30 01:01:23', 6),
(760, 'usersModule - login API ', 'POST', '{"deviceId":"780fd0e9991d7d58","deviceType":"2","option":"userCardList","sessionToken":"619xttlxelcraogigdrbvyxqnlmttbjkhei294","userId":"6"}', '2017-01-30 01:01:23', 6),
(761, 'usersModule - login API ', 'POST', '{"deviceId":"780fd0e9991d7d58","deviceType":"2","option":"userCardDetails","sessionToken":"619xttlxelcraogigdrbvyxqnlmttbjkhei294","userId":"6","cardToken":"tok_19hf81BZMRlMI3U4FgZwUpkB"}', '2017-01-30 01:01:23', 6),
(762, 'usersModule - login API ', 'POST', '{"deviceId":"780fd0e9991d7d58","deviceType":"2","option":"userCardList","sessionToken":"619xttlxelcraogigdrbvyxqnlmttbjkhei294","userId":"6"}', '2017-01-30 01:01:23', 6),
(763, 'usersModule - login API ', 'POST', '{"deviceId":"780fd0e9991d7d58","deviceType":"2","option":"userCardDetails","sessionToken":"619xttlxelcraogigdrbvyxqnlmttbjkhei294","userId":"6","cardToken":"tok_19hf8GBZMRlMI3U4vMUbohtB"}', '2017-01-30 01:01:23', 6),
(764, 'usersModule - login API ', 'POST', '{"deviceId":"780fd0e9991d7d58","deviceType":"2","option":"userCardList","sessionToken":"619xttlxelcraogigdrbvyxqnlmttbjkhei294","userId":"6"}', '2017-01-30 01:01:23', 6),
(765, 'usersModule - login API ', 'POST', '{"deviceId":"780fd0e9991d7d58","deviceType":"2","option":"imageCount","sessionToken":"619xttlxelcraogigdrbvyxqnlmttbjkhei294","userId":"6"}', '2017-01-30 01:01:25', 6),
(766, 'usersModule - login API ', 'POST', '{"deviceId":"780fd0e9991d7d58","deviceType":"2","option":"userCardList","sessionToken":"619xttlxelcraogigdrbvyxqnlmttbjkhei294","userId":"6"}', '2017-01-30 01:01:25', 6),
(767, 'usersModule - login API ', 'POST', '{"deviceId":"780fd0e9991d7d58","deviceType":"2","option":"userCardList","sessionToken":"619xttlxelcraogigdrbvyxqnlmttbjkhei294","userId":"6"}', '2017-01-30 01:01:25', 6),
(768, 'usersModule - login API ', 'POST', '{"deviceId":1,"deviceType":2,"option":"deleteCardDetails","sessionToken":"619xttlxelcraogigdrbvyxqnlmttbjkhei294","userId":"6","cardId":"card_19hf81BZMRlMI3U4JnKCYWPF"}', '2017-01-30 01:01:25', 6),
(769, 'usersModule - login API ', 'POST', '{"deviceId":1,"deviceType":2,"option":"deleteCardDetails","sessionToken":"619xttlxelcraogigdrbvyxqnlmttbjkhei294","userId":"6","cardId":"card_19hf7mBZMRlMI3U4yKHWAeLr"}', '2017-01-30 01:01:25', 6),
(770, 'usersModule - login API ', 'POST', '{"deviceId":1,"deviceType":2,"option":"deleteCardDetails","sessionToken":"619xttlxelcraogigdrbvyxqnlmttbjkhei294","userId":"6","cardId":"card_19hf81BZMRlMI3U4JnKCYWPF"}', '2017-01-30 01:01:25', 6),
(771, 'usersModule - login API ', 'POST', '{"deviceId":1,"deviceType":2,"option":"deleteCardDetails","sessionToken":"619xttlxelcraogigdrbvyxqnlmttbjkhei294","userId":"6","cardId":"card_19hesLBZMRlMI3U4hU1pNcvM"}', '2017-01-30 01:01:25', 6),
(772, 'usersModule - login API ', 'POST', '{"deviceId":"780fd0e9991d7d58","deviceType":"2","option":"userCardList","sessionToken":"619xttlxelcraogigdrbvyxqnlmttbjkhei294","userId":"6"}', '2017-01-30 01:01:25', 6),
(773, 'usersModule - login API ', 'POST', '{"deviceId":"780fd0e9991d7d58","deviceType":"2","option":"userCardList","sessionToken":"619xttlxelcraogigdrbvyxqnlmttbjkhei294","userId":"6"}', '2017-01-30 01:01:25', 6),
(774, 'usersModule - login API ', 'POST', '{"deviceId":1,"deviceType":2,"option":"deleteCardDetails","sessionToken":"619xttlxelcraogigdrbvyxqnlmttbjkhei294","userId":"6","cardId":"card_19hf8GBZMRlMI3U45SvaUsSo"}', '2017-01-30 01:01:25', 6),
(775, 'usersModule - login API ', 'POST', '{"deviceId":"780fd0e9991d7d58","deviceType":"2","option":"userCardDetails","sessionToken":"619xttlxelcraogigdrbvyxqnlmttbjkhei294","userId":"6","cardToken":"tok_19hfAXBZMRlMI3U4wc1H4lnT"}', '2017-01-30 01:01:26', 6),
(776, 'usersModule - login API ', 'POST', '{"deviceId":"780fd0e9991d7d58","deviceType":"2","option":"userCardList","sessionToken":"619xttlxelcraogigdrbvyxqnlmttbjkhei294","userId":"6"}', '2017-01-30 01:01:26', 6),
(777, 'usersModule - login API ', 'POST', '{"deviceId":"780fd0e9991d7d58","deviceType":"2","option":"userCardDetails","sessionToken":"619xttlxelcraogigdrbvyxqnlmttbjkhei294","userId":"6","cardToken":"tok_19hfAoBZMRlMI3U4R5k2xrBh"}', '2017-01-30 01:01:26', 6),
(778, 'usersModule - login API ', 'POST', '{"deviceId":"780fd0e9991d7d58","deviceType":"2","option":"userCardList","sessionToken":"619xttlxelcraogigdrbvyxqnlmttbjkhei294","userId":"6"}', '2017-01-30 01:01:26', 6),
(779, 'usersModule - login API ', 'POST', '{"deviceId":"780fd0e9991d7d58","deviceType":"2","option":"userCardDetails","sessionToken":"619xttlxelcraogigdrbvyxqnlmttbjkhei294","userId":"6","cardToken":"tok_19hfB6BZMRlMI3U4UeHE2W1Y"}', '2017-01-30 01:01:26', 6),
(780, 'usersModule - login API ', 'POST', '{"deviceId":"780fd0e9991d7d58","deviceType":"2","option":"userCardList","sessionToken":"619xttlxelcraogigdrbvyxqnlmttbjkhei294","userId":"6"}', '2017-01-30 01:01:26', 6),
(781, 'usersModule - login API ', 'POST', '{"deviceId":1,"deviceType":2,"option":"deleteCardDetails","sessionToken":"619xttlxelcraogigdrbvyxqnlmttbjkhei294","userId":"6","cardId":"card_19hfAoBZMRlMI3U4IDgdhejw"}', '2017-01-30 01:01:26', 6),
(782, 'usersModule - login API ', 'POST', '{"deviceId":1,"deviceType":2,"option":"deleteCardDetails","sessionToken":"619xttlxelcraogigdrbvyxqnlmttbjkhei294","userId":"6","cardId":"card_19hfAoBZMRlMI3U4IDgdhejw"}', '2017-01-30 01:01:27', 6),
(783, 'usersModule - login API ', 'POST', '{"deviceId":1,"deviceType":2,"option":"deleteCardDetails","sessionToken":"619xttlxelcraogigdrbvyxqnlmttbjkhei294","userId":"6","cardId":"card_19hfAoBZMRlMI3U4IDgdhejw"}', '2017-01-30 01:01:27', 6),
(784, 'usersModule - login API ', 'POST', '{"deviceId":"780fd0e9991d7d58","deviceType":"2","option":"userCardList","sessionToken":"619xttlxelcraogigdrbvyxqnlmttbjkhei294","userId":"6"}', '2017-01-30 01:01:27', 6),
(785, 'usersModule - login API ', 'POST', '{"deviceId":"780fd0e9991d7d58","deviceType":"2","option":"userCardList","sessionToken":"619xttlxelcraogigdrbvyxqnlmttbjkhei294","userId":"6"}', '2017-01-30 01:01:27', 6),
(786, 'usersModule - login API ', 'POST', '{"deviceId":1,"deviceType":2,"option":"deleteCardDetails","sessionToken":"619xttlxelcraogigdrbvyxqnlmttbjkhei294","userId":"6","cardId":"card_19hfB6BZMRlMI3U4JTDwbCUY"}', '2017-01-30 01:01:27', 6),
(787, 'usersModule - login API ', 'POST', '{"deviceId":1,"deviceType":2,"option":"deleteCardDetails","sessionToken":"619xttlxelcraogigdrbvyxqnlmttbjkhei294","userId":"6","cardId":"card_19hfB6BZMRlMI3U4JTDwbCUY"}', '2017-01-30 01:01:27', 6),
(788, 'usersModule - login API ', 'POST', '{"deviceId":"780fd0e9991d7d58","deviceType":"2","option":"userCardList","sessionToken":"619xttlxelcraogigdrbvyxqnlmttbjkhei294","userId":"6"}', '2017-01-30 01:01:28', 6),
(789, 'usersModule - login API ', 'POST', '{"deviceId":"780fd0e9991d7d58","deviceType":"2","option":"userCardList","sessionToken":"619xttlxelcraogigdrbvyxqnlmttbjkhei294","userId":"6"}', '2017-01-30 01:01:28', 6),
(790, 'usersModule - login API ', 'POST', '{"deviceId":"780fd0e9991d7d58","deviceType":"2","option":"imageCount","sessionToken":"619xttlxelcraogigdrbvyxqnlmttbjkhei294","userId":"6"}', '2017-01-30 01:01:32', 6),
(791, 'usersModule - login API ', 'POST', '{"deviceId":"780fd0e9991d7d58","deviceType":"2","option":"userCardList","sessionToken":"619xttlxelcraogigdrbvyxqnlmttbjkhei294","userId":"6"}', '2017-01-30 01:01:32', 6),
(792, 'usersModule - login API ', 'POST', '{"deviceId":"780fd0e9991d7d58","deviceType":"2","option":"userCardList","sessionToken":"619xttlxelcraogigdrbvyxqnlmttbjkhei294","userId":"6"}', '2017-01-30 01:01:32', 6),
(793, 'usersModule - login API ', 'POST', '{"deviceId":"780fd0e9991d7d58","deviceType":"2","option":"userCardDetails","sessionToken":"619xttlxelcraogigdrbvyxqnlmttbjkhei294","userId":"6","cardToken":"tok_19hfGtBZMRlMI3U4iKvpSGWf"}', '2017-01-30 01:01:32', 6),
(794, 'usersModule - login API ', 'POST', '{"deviceId":"780fd0e9991d7d58","deviceType":"2","option":"userCardList","sessionToken":"619xttlxelcraogigdrbvyxqnlmttbjkhei294","userId":"6"}', '2017-01-30 01:01:32', 6),
(795, 'usersModule - login API ', 'POST', '{"deviceId":"780fd0e9991d7d58","deviceType":"2","option":"userCardDetails","sessionToken":"619xttlxelcraogigdrbvyxqnlmttbjkhei294","userId":"6","cardToken":"tok_19hfH9BZMRlMI3U4G3Dqt70R"}', '2017-01-30 01:01:32', 6),
(796, 'usersModule - login API ', 'POST', '{"deviceId":"780fd0e9991d7d58","deviceType":"2","option":"userCardList","sessionToken":"619xttlxelcraogigdrbvyxqnlmttbjkhei294","userId":"6"}', '2017-01-30 01:01:32', 6),
(797, 'usersModule - login API ', 'POST', '{"deviceId":1,"deviceType":2,"option":"deleteCardDetails","sessionToken":"619xttlxelcraogigdrbvyxqnlmttbjkhei294","userId":"6","cardId":"card_19hfGtBZMRlMI3U4D50YhAdz"}', '2017-01-30 01:01:33', 6),
(798, 'usersModule - login API ', 'POST', '{"deviceId":"780fd0e9991d7d58","deviceType":"2","option":"userCardList","sessionToken":"619xttlxelcraogigdrbvyxqnlmttbjkhei294","userId":"6"}', '2017-01-30 01:01:33', 6),
(799, 'usersModule - login API ', 'POST', '{"deviceId":"780fd0e9991d7d58","deviceType":"2","option":"userCardList","sessionToken":"619xttlxelcraogigdrbvyxqnlmttbjkhei294","userId":"6"}', '2017-01-30 01:01:33', 6),
(800, 'usersModule - login API ', 'POST', '{"deviceId":1,"deviceType":2,"option":"deleteCardDetails","sessionToken":"619xttlxelcraogigdrbvyxqnlmttbjkhei294","userId":"6","cardId":"card_19hfH9BZMRlMI3U4E1o7atgV"}', '2017-01-30 01:01:33', 6),
(801, 'usersModule - login API ', 'POST', '{"deviceId":"780fd0e9991d7d58","deviceType":"2","option":"userCardList","sessionToken":"619xttlxelcraogigdrbvyxqnlmttbjkhei294","userId":"6"}', '2017-01-30 01:01:33', 6),
(802, 'usersModule - login API ', 'POST', '{"deviceId":"780fd0e9991d7d58","deviceType":"2","option":"userCardList","sessionToken":"619xttlxelcraogigdrbvyxqnlmttbjkhei294","userId":"6"}', '2017-01-30 01:01:33', 6),
(803, 'usersModule - login API ', 'POST', '{"deviceId":"780fd0e9991d7d58","deviceType":"2","option":"imageCount","sessionToken":"619xttlxelcraogigdrbvyxqnlmttbjkhei294","userId":"6"}', '2017-01-30 01:01:34', 6),
(804, 'usersModule - login API ', 'POST', '{"deviceId":"780fd0e9991d7d58","deviceType":"2","option":"userCardList","sessionToken":"619xttlxelcraogigdrbvyxqnlmttbjkhei294","userId":"6"}', '2017-01-30 01:01:34', 6),
(805, 'usersModule - login API ', 'POST', '{"deviceId":"780fd0e9991d7d58","deviceType":"2","option":"userCardList","sessionToken":"619xttlxelcraogigdrbvyxqnlmttbjkhei294","userId":"6"}', '2017-01-30 01:01:34', 6),
(806, 'usersModule - login API ', 'POST', '{"deviceId":"780fd0e9991d7d58","deviceType":"2","option":"userCardDetails","sessionToken":"619xttlxelcraogigdrbvyxqnlmttbjkhei294","userId":"6","cardToken":"tok_19hfJIBZMRlMI3U4iy30ra7B"}', '2017-01-30 01:01:35', 6),
(807, 'usersModule - login API ', 'POST', '{"deviceId":"780fd0e9991d7d58","deviceType":"2","option":"userCardList","sessionToken":"619xttlxelcraogigdrbvyxqnlmttbjkhei294","userId":"6"}', '2017-01-30 01:01:35', 6),
(808, 'usersModule - login API ', 'POST', '{"deviceId":1,"deviceType":2,"option":"deleteCardDetails","sessionToken":"619xttlxelcraogigdrbvyxqnlmttbjkhei294","userId":"6","cardId":"card_19hfJIBZMRlMI3U4ORui6wTo"}', '2017-01-30 01:01:35', 6),
(809, 'usersModule - login API ', 'POST', '{"deviceId":1,"deviceType":2,"option":"deleteCardDetails","sessionToken":"619xttlxelcraogigdrbvyxqnlmttbjkhei294","userId":"6","cardId":"card_19hfJIBZMRlMI3U4ORui6wTo"}', '2017-01-30 01:01:35', 6),
(810, 'usersModule - login API ', 'POST', '{"deviceId":"780fd0e9991d7d58","deviceType":"2","option":"userCardList","sessionToken":"619xttlxelcraogigdrbvyxqnlmttbjkhei294","userId":"6"}', '2017-01-30 01:01:35', 6),
(811, 'usersModule - login API ', 'POST', '{"deviceId":"780fd0e9991d7d58","deviceType":"2","option":"userCardList","sessionToken":"619xttlxelcraogigdrbvyxqnlmttbjkhei294","userId":"6"}', '2017-01-30 01:01:35', 6),
(812, 'usersModule - login API ', 'POST', '{"deviceId":"780fd0e9991d7d58","deviceType":"2","option":"userCardDetails","sessionToken":"619xttlxelcraogigdrbvyxqnlmttbjkhei294","userId":"6","cardToken":"tok_19hfK5BZMRlMI3U4yqAg1uQ1"}', '2017-01-30 01:01:35', 6),
(813, 'usersModule - login API ', 'POST', '{"deviceId":"780fd0e9991d7d58","deviceType":"2","option":"userCardList","sessionToken":"619xttlxelcraogigdrbvyxqnlmttbjkhei294","userId":"6"}', '2017-01-30 01:01:36', 6),
(814, 'usersModule - login API ', 'POST', '{"deviceId":1,"deviceType":2,"option":"deleteCardDetails","sessionToken":"619xttlxelcraogigdrbvyxqnlmttbjkhei294","userId":"6","cardId":"card_19hfK5BZMRlMI3U4SNPbW9Jy"}', '2017-01-30 01:01:36', 6),
(815, 'usersModule - login API ', 'POST', '{"deviceId":1,"deviceType":2,"option":"deleteCardDetails","sessionToken":"619xttlxelcraogigdrbvyxqnlmttbjkhei294","userId":"6","cardId":"card_19hfK5BZMRlMI3U4SNPbW9Jy"}', '2017-01-30 01:01:36', 6),
(816, 'usersModule - login API ', 'POST', '{"deviceId":"780fd0e9991d7d58","deviceType":"2","option":"imageCount","sessionToken":"619xttlxelcraogigdrbvyxqnlmttbjkhei294","userId":"6"}', '2017-01-30 01:01:37', 6),
(817, 'usersModule - login API ', 'POST', '{"deviceId":"780fd0e9991d7d58","deviceType":"2","option":"userCardList","sessionToken":"619xttlxelcraogigdrbvyxqnlmttbjkhei294","userId":"6"}', '2017-01-30 01:01:37', 6),
(818, 'usersModule - login API ', 'POST', '{"deviceId":"780fd0e9991d7d58","deviceType":"2","option":"userCardList","sessionToken":"619xttlxelcraogigdrbvyxqnlmttbjkhei294","userId":"6"}', '2017-01-30 01:01:37', 6),
(819, 'usersModule - login API ', 'POST', '{"deviceId":"780fd0e9991d7d58","deviceType":"2","option":"imageCount","sessionToken":"619xttlxelcraogigdrbvyxqnlmttbjkhei294","userId":"6"}', '2017-01-30 01:01:37', 6),
(820, 'usersModule - login API ', 'POST', '{"deviceId":"780fd0e9991d7d58","deviceType":"2","option":"userCardList","sessionToken":"619xttlxelcraogigdrbvyxqnlmttbjkhei294","userId":"6"}', '2017-01-30 01:01:37', 6),
(821, 'usersModule - login API ', 'POST', '{"deviceId":"780fd0e9991d7d58","deviceType":"2","option":"userCardList","sessionToken":"619xttlxelcraogigdrbvyxqnlmttbjkhei294","userId":"6"}', '2017-01-30 01:01:37', 6),
(822, 'usersModule - login API ', 'POST', '{"deviceId":1,"deviceType":2,"option":"deleteCardDetails","userId":"6","sessionToken":"361pcsemteixrecnwlaindcflryovdnnbog167","cardId":"card_19hfAWBZMRlMI3U46NqQVdwL"}', '2017-01-30 01:01:38', 6),
(823, 'usersModule - login API ', 'POST', '{"deviceId":"780fd0e9991d7d58","deviceType":"2","option":"userCardDetails","sessionToken":"619xttlxelcraogigdrbvyxqnlmttbjkhei294","userId":"6","cardToken":"tok_19hfMQBZMRlMI3U4DDnGuiix"}', '2017-01-30 01:01:38', 6),
(824, 'usersModule - login API ', 'POST', '{"deviceId":"780fd0e9991d7d58","deviceType":"2","option":"userCardList","sessionToken":"619xttlxelcraogigdrbvyxqnlmttbjkhei294","userId":"6"}', '2017-01-30 01:01:38', 6),
(825, 'usersModule - login API ', 'POST', '{"deviceId":"780fd0e9991d7d58","deviceType":"2","option":"userCardDetails","sessionToken":"619xttlxelcraogigdrbvyxqnlmttbjkhei294","userId":"6","cardToken":"tok_19hfMiBZMRlMI3U4CIunfjYx"}', '2017-01-30 01:01:38', 6),
(826, 'usersModule - login API ', 'POST', '{"deviceId":"780fd0e9991d7d58","deviceType":"2","option":"userCardList","sessionToken":"619xttlxelcraogigdrbvyxqnlmttbjkhei294","userId":"6"}', '2017-01-30 01:01:38', 6),
(827, 'usersModule - login API ', 'POST', '{"deviceId":"780fd0e9991d7d58","deviceType":"2","option":"userCardDetails","sessionToken":"619xttlxelcraogigdrbvyxqnlmttbjkhei294","userId":"6","cardToken":"tok_19hfN0BZMRlMI3U4ohrtWWCE"}', '2017-01-30 01:01:38', 6),
(828, 'usersModule - login API ', 'POST', '{"deviceId":"780fd0e9991d7d58","deviceType":"2","option":"userCardList","sessionToken":"619xttlxelcraogigdrbvyxqnlmttbjkhei294","userId":"6"}', '2017-01-30 01:01:39', 6),
(829, 'usersModule - login API ', 'POST', '{"deviceId":"780fd0e9991d7d58","deviceType":"2","option":"userCardDetails","sessionToken":"619xttlxelcraogigdrbvyxqnlmttbjkhei294","userId":"6","cardToken":"tok_19hfNHBZMRlMI3U43L1TYW3J"}', '2017-01-30 01:01:39', 6),
(830, 'usersModule - login API ', 'POST', '{"deviceId":"780fd0e9991d7d58","deviceType":"2","option":"userCardList","sessionToken":"619xttlxelcraogigdrbvyxqnlmttbjkhei294","userId":"6"}', '2017-01-30 01:01:39', 6),
(831, 'usersModule - login API ', 'POST', '{"deviceId":1,"deviceType":2,"option":"deleteCardDetails","userId":"6","sessionToken":"361pcsemteixrecnwlaindcflryovdnnbog167","cardId":"card_19hfMiBZMRlMI3U4ommRlIdn"}', '2017-01-30 01:01:39', 6),
(832, 'usersModule - login API ', 'POST', '{"deviceId":1,"deviceType":2,"option":"deleteCardDetails","userId":"6","sessionToken":"361pcsemteixrecnwlaindcflryovdnnbog167","cardId":"card_19hfMQBZMRlMI3U4fttfZW8t"}', '2017-01-30 01:01:39', 6),
(833, 'usersModule - login API ', 'POST', '{"deviceId":1,"deviceType":2,"option":"deleteCardDetails","userId":"6","sessionToken":"361pcsemteixrecnwlaindcflryovdnnbog167","cardId":"card_19hfMiBZMRlMI3U4ommRlIdn"}', '2017-01-30 01:01:40', 6),
(834, 'usersModule - login API ', 'POST', '{"deviceId":1,"deviceType":2,"option":"deleteCardDetails","userId":"6","sessionToken":"361pcsemteixrecnwlaindcflryovdnnbog167","cardId":"card_19hfMiBZMRlMI3U4ommRlIdn"}', '2017-01-30 01:01:40', 6),
(835, 'usersModule - login API ', 'POST', '{"deviceId":"780fd0e9991d7d58","deviceType":"2","option":"userCardList","sessionToken":"619xttlxelcraogigdrbvyxqnlmttbjkhei294","userId":"6"}', '2017-01-30 01:01:40', 6),
(836, 'usersModule - login API ', 'POST', '{"deviceId":"780fd0e9991d7d58","deviceType":"2","option":"userCardList","sessionToken":"619xttlxelcraogigdrbvyxqnlmttbjkhei294","userId":"6"}', '2017-01-30 01:01:40', 6),
(837, 'usersModule - login API ', 'POST', '{"deviceId":"780fd0e9991d7d58","deviceType":"2","option":"imageCount","sessionToken":"619xttlxelcraogigdrbvyxqnlmttbjkhei294","userId":"6"}', '2017-01-30 01:01:41', 6),
(838, 'usersModule - login API ', 'POST', '{"deviceId":"780fd0e9991d7d58","deviceType":"2","option":"userCardList","sessionToken":"619xttlxelcraogigdrbvyxqnlmttbjkhei294","userId":"6"}', '2017-01-30 01:01:41', 6),
(839, 'usersModule - login API ', 'POST', '{"deviceId":"780fd0e9991d7d58","deviceType":"2","option":"userCardList","sessionToken":"619xttlxelcraogigdrbvyxqnlmttbjkhei294","userId":"6"}', '2017-01-30 01:01:41', 6),
(840, 'usersModule - login API ', 'POST', '{"deviceId":"780fd0e9991d7d58","deviceType":"2","option":"userCardDetails","sessionToken":"619xttlxelcraogigdrbvyxqnlmttbjkhei294","userId":"6","cardToken":"tok_19hfQ1BZMRlMI3U4V3RAzwD0"}', '2017-01-30 01:01:42', 6),
(841, 'usersModule - login API ', 'POST', '{"deviceId":"780fd0e9991d7d58","deviceType":"2","option":"userCardList","sessionToken":"619xttlxelcraogigdrbvyxqnlmttbjkhei294","userId":"6"}', '2017-01-30 01:01:42', 6),
(842, 'usersModule - login API ', 'POST', '{"deviceId":1,"deviceType":2,"option":"deleteCardDetails","userId":"6","sessionToken":"361pcsemteixrecnwlaindcflryovdnnbog167","cardId":"card_19hfMzBZMRlMI3U4ZgvapflP"}', '2017-01-30 01:01:42', 6),
(843, 'usersModule - login API ', 'POST', '{"deviceId":1,"deviceType":2,"option":"deleteCardDetails","userId":"6","sessionToken":"361pcsemteixrecnwlaindcflryovdnnbog167","cardId":"card_19hfMzBZMRlMI3U4ZgvapflP"}', '2017-01-30 01:01:42', 6),
(844, 'usersModule - login API ', 'POST', '{"deviceId":1,"deviceType":2,"option":"deleteCardDetails","userId":"6","sessionToken":"361pcsemteixrecnwlaindcflryovdnnbog167","cardId":"card_19hfMzBZMRlMI3U4ZgvapflP"}', '2017-01-30 01:01:42', 6),
(845, 'usersModule - login API ', 'POST', '{"deviceId":"780fd0e9991d7d58","deviceType":"2","option":"plansDetails","sessionToken":"619xttlxelcraogigdrbvyxqnlmttbjkhei294"}', '2017-01-30 01:01:42', NULL),
(846, 'loginModule - forgetPwd API ', 'POST', '{"deviceId":"780fd0e9991d7d58","deviceType":"2","option":"userProfile","sessionToken":"619xttlxelcraogigdrbvyxqnlmttbjkhei294","userId":"6"}', '2017-01-30 01:01:44', 6),
(847, 'loginModule - forgetPwd API ', 'POST', '{"deviceId":"780fd0e9991d7d58","deviceType":"2","option":"userProfile","sessionToken":"619xttlxelcraogigdrbvyxqnlmttbjkhei294","userId":"6"}', '2017-01-30 01:01:44', 6),
(848, 'usersModule - login API ', 'POST', '{"deviceId":"780fd0e9991d7d58","deviceType":"2","option":"imageCount","sessionToken":"619xttlxelcraogigdrbvyxqnlmttbjkhei294","userId":"6"}', '2017-01-30 01:01:45', 6),
(849, 'usersModule - login API ', 'POST', '{"deviceId":"780fd0e9991d7d58","deviceType":"2","option":"imageCount","sessionToken":"619xttlxelcraogigdrbvyxqnlmttbjkhei294","userId":"6"}', '2017-01-30 01:01:45', 6),
(850, 'usersModule - login API ', 'POST', '{"deviceId":"780fd0e9991d7d58","deviceType":"2","option":"imageCount","sessionToken":"619xttlxelcraogigdrbvyxqnlmttbjkhei294","userId":"6"}', '2017-01-30 01:01:45', 6),
(851, 'usersModule - login API ', 'POST', '{"deviceId":"780fd0e9991d7d58","deviceType":"2","option":"userCardList","sessionToken":"619xttlxelcraogigdrbvyxqnlmttbjkhei294","userId":"6"}', '2017-01-30 01:01:47', 6),
(852, 'usersModule - login API ', 'POST', '{"deviceId":"780fd0e9991d7d58","deviceType":"2","option":"userCardList","sessionToken":"619xttlxelcraogigdrbvyxqnlmttbjkhei294","userId":"6"}', '2017-01-30 01:01:47', 6),
(853, 'usersModule - login API ', 'POST', '{"deviceId":1,"deviceType":2,"option":"deleteCardDetails","userId":"6","sessionToken":"361pcsemteixrecnwlaindcflryovdnnbog167","cardId":"card_19hfQ1BZMRlMI3U4hjrU7tJX"}', '2017-01-30 01:01:47', 6),
(854, 'usersModule - login API ', 'POST', '{"deviceId":"780fd0e9991d7d58","deviceType":"2","option":"imageCount","sessionToken":"619xttlxelcraogigdrbvyxqnlmttbjkhei294","userId":"6"}', '2017-01-30 01:01:57', 6),
(855, 'usersModule - login API ', 'POST', '{"deviceId":"780fd0e9991d7d58","deviceType":"2","option":"userCardList","sessionToken":"619xttlxelcraogigdrbvyxqnlmttbjkhei294","userId":"6"}', '2017-01-30 01:01:57', 6),
(856, 'usersModule - login API ', 'POST', '{"deviceId":"780fd0e9991d7d58","deviceType":"2","option":"userCardList","sessionToken":"619xttlxelcraogigdrbvyxqnlmttbjkhei294","userId":"6"}', '2017-01-30 01:01:57', 6),
(857, 'usersModule - login API ', 'POST', '{"deviceId":1,"deviceType":2,"option":"deleteCardDetails","userId":"6","sessionToken":"361pcsemteixrecnwlaindcflryovdnnbog167","cardId":"card_19hfNHBZMRlMI3U4sOfiJDu0"}', '2017-01-30 01:01:57', 6),
(858, 'usersModule - login API ', 'POST', '{"deviceId":"780fd0e9991d7d58","deviceType":"2","option":"userCardList","sessionToken":"619xttlxelcraogigdrbvyxqnlmttbjkhei294","userId":"6"}', '2017-01-30 01:01:57', 6),
(859, 'usersModule - login API ', 'POST', '{"deviceId":"780fd0e9991d7d58","deviceType":"2","option":"userCardList","sessionToken":"619xttlxelcraogigdrbvyxqnlmttbjkhei294","userId":"6"}', '2017-01-30 01:01:57', 6),
(860, 'usersModule - login API ', 'POST', '{"deviceId":"780fd0e9991d7d58","deviceType":"2","option":"userCardDetails","sessionToken":"619xttlxelcraogigdrbvyxqnlmttbjkhei294","userId":"6","cardToken":"tok_19hfhYBZMRlMI3U416tR8Cnt"}', '2017-01-30 02:01:00', 6),
(861, 'usersModule - login API ', 'POST', '{"deviceId":"780fd0e9991d7d58","deviceType":"2","option":"userCardList","sessionToken":"619xttlxelcraogigdrbvyxqnlmttbjkhei294","userId":"6"}', '2017-01-30 02:01:00', 6),
(862, 'usersModule - login API ', 'POST', '{"deviceId":"780fd0e9991d7d58","deviceType":"2","option":"userCardDetails","sessionToken":"619xttlxelcraogigdrbvyxqnlmttbjkhei294","userId":"6","cardToken":"tok_19hfhmBZMRlMI3U4t078dPiC"}', '2017-01-30 02:01:00', 6),
(863, 'usersModule - login API ', 'POST', '{"deviceId":"780fd0e9991d7d58","deviceType":"2","option":"userCardList","sessionToken":"619xttlxelcraogigdrbvyxqnlmttbjkhei294","userId":"6"}', '2017-01-30 02:01:00', 6),
(864, 'usersModule - login API ', 'POST', '{"deviceId":"780fd0e9991d7d58","deviceType":"2","option":"userCardDetails","sessionToken":"619xttlxelcraogigdrbvyxqnlmttbjkhei294","userId":"6","cardToken":"tok_19hfiZBZMRlMI3U48GWVUdvz"}', '2017-01-30 02:01:01', 6),
(865, 'usersModule - login API ', 'POST', '{"deviceId":"780fd0e9991d7d58","deviceType":"2","option":"userCardList","sessionToken":"619xttlxelcraogigdrbvyxqnlmttbjkhei294","userId":"6"}', '2017-01-30 02:01:01', 6),
(866, 'usersModule - login API ', 'POST', '{"deviceId":1,"deviceType":2,"option":"deleteCardDetails","userId":"6","sessionToken":"361pcsemteixrecnwlaindcflryovdnnbog167","cardId":"card_19hfhmBZMRlMI3U4I1SESKxM"}', '2017-01-30 02:01:06', 6),
(867, 'usersModule - login API ', 'POST', '{"deviceId":1,"deviceType":2,"option":"deleteCardDetails","userId":"6","sessionToken":"361pcsemteixrecnwlaindcflryovdnnbog167","cardId":"card_19hfhmBZMRlMI3U4I1SESKxM"}', '2017-01-30 02:01:06', 6),
(868, 'usersModule - login API ', 'POST', '{"deviceId":1,"deviceType":2,"option":"deleteCardDetails","userId":"6","sessionToken":"361pcsemteixrecnwlaindcflryovdnnbog167","cardId":"card_19hfhYBZMRlMI3U4mfsDGXTL"}', '2017-01-30 02:01:06', 6),
(869, 'usersModule - login API ', 'POST', '{"deviceId":"780fd0e9991d7d58","deviceType":"2","option":"userCardList","sessionToken":"619xttlxelcraogigdrbvyxqnlmttbjkhei294","userId":"6"}', '2017-01-30 02:01:06', 6),
(870, 'usersModule - login API ', 'POST', '{"deviceId":"780fd0e9991d7d58","deviceType":"2","option":"userCardList","sessionToken":"619xttlxelcraogigdrbvyxqnlmttbjkhei294","userId":"6"}', '2017-01-30 02:01:06', 6),
(871, 'usersModule - login API ', 'POST', '{"deviceId":1,"deviceType":2,"option":"deleteCardDetails","userId":"6","sessionToken":"361pcsemteixrecnwlaindcflryovdnnbog167","cardId":"card_19hfiYBZMRlMI3U4f9dXIW39"}', '2017-01-30 02:01:07', 6),
(872, 'usersModule - login API ', 'POST', '{"deviceId":"780fd0e9991d7d58","deviceType":"2","option":"imageCount","sessionToken":"619xttlxelcraogigdrbvyxqnlmttbjkhei294","userId":"6"}', '2017-01-30 02:01:12', 6),
(873, 'usersModule - login API ', 'POST', '{"deviceId":"780fd0e9991d7d58","deviceType":"2","option":"imageCount","sessionToken":"619xttlxelcraogigdrbvyxqnlmttbjkhei294","userId":"6"}', '2017-01-31 03:01:55', 6),
(874, 'usersModule - login API ', 'POST', '{"deviceId":"780fd0e9991d7d58","deviceType":"2","option":"userCardList","sessionToken":"619xttlxelcraogigdrbvyxqnlmttbjkhei294","userId":"6"}', '2017-01-31 03:01:56', 6),
(875, 'usersModule - login API ', 'POST', '{"deviceId":"780fd0e9991d7d58","deviceType":"2","option":"userCardList","sessionToken":"619xttlxelcraogigdrbvyxqnlmttbjkhei294","userId":"6"}', '2017-01-31 03:01:56', 6),
(876, 'usersModule - login API ', 'POST', '{"deviceId":"780fd0e9991d7d58","deviceType":"2","option":"userCardDetails","sessionToken":"619xttlxelcraogigdrbvyxqnlmttbjkhei294","userId":"6","cardToken":"tok_19hskuBZMRlMI3U4Lq9YI7OZ"}', '2017-01-31 03:01:56', 6),
(877, 'usersModule - login API ', 'POST', '{"deviceId":"780fd0e9991d7d58","deviceType":"2","option":"userCardList","sessionToken":"619xttlxelcraogigdrbvyxqnlmttbjkhei294","userId":"6"}', '2017-01-31 03:01:56', 6),
(878, 'usersModule - login API ', 'POST', '{"deviceId":"780fd0e9991d7d58","deviceType":"2","option":"userCardDetails","sessionToken":"619xttlxelcraogigdrbvyxqnlmttbjkhei294","userId":"6","cardToken":"tok_19hslsBZMRlMI3U4reRVpVUm"}', '2017-01-31 03:01:57', 6),
(879, 'usersModule - login API ', 'POST', '{"deviceId":"780fd0e9991d7d58","deviceType":"2","option":"userCardList","sessionToken":"619xttlxelcraogigdrbvyxqnlmttbjkhei294","userId":"6"}', '2017-01-31 03:01:57', 6),
(880, 'usersModule - login API ', 'POST', '{"deviceId":1,"deviceType":2,"option":"deleteCardDetails","userId":"6","sessionToken":"361pcsemteixrecnwlaindcflryovdnnbog167","cardId":"card_19hslsBZMRlMI3U4MCPGq4qO"}', '2017-01-31 04:01:04', 6),
(881, 'usersModule - login API ', 'POST', '{"deviceId":1,"deviceType":2,"option":"deleteCardDetails","userId":"6","sessionToken":"361pcsemteixrecnwlaindcflryovdnnbog167","cardId":"card_19hsktBZMRlMI3U4snJzHYOb"}', '2017-01-31 04:01:04', 6),
(882, 'usersModule - login API ', 'POST', '{"deviceId":"780fd0e9991d7d58","deviceType":"2","option":"userCardList","sessionToken":"619xttlxelcraogigdrbvyxqnlmttbjkhei294","userId":"6"}', '2017-01-31 04:01:04', 6),
(883, 'usersModule - login API ', 'POST', '{"deviceId":"780fd0e9991d7d58","deviceType":"2","option":"userCardList","sessionToken":"619xttlxelcraogigdrbvyxqnlmttbjkhei294","userId":"6"}', '2017-01-31 04:01:04', 6),
(884, 'usersModule - login API ', 'POST', '{"deviceId":"780fd0e9991d7d58","deviceType":"2","option":"userCardDetails","sessionToken":"619xttlxelcraogigdrbvyxqnlmttbjkhei294","userId":"6","cardToken":"tok_19hst1BZMRlMI3U49zrPK0ws"}', '2017-01-31 04:01:04', 6);
INSERT INTO `store_posts` (`id`, `module_name`, `type_of_request`, `request_content`, `created_on`, `created_by`) VALUES
(885, 'usersModule - login API ', 'POST', '{"deviceId":"780fd0e9991d7d58","deviceType":"2","option":"userCardList","sessionToken":"619xttlxelcraogigdrbvyxqnlmttbjkhei294","userId":"6"}', '2017-01-31 04:01:04', 6),
(886, 'usersModule - login API ', 'POST', '{"deviceId":"780fd0e9991d7d58","deviceType":"2","option":"userCardDetails","sessionToken":"619xttlxelcraogigdrbvyxqnlmttbjkhei294","userId":"6","cardToken":"tok_19hstGBZMRlMI3U4i4X2Igta"}', '2017-01-31 04:01:05', 6),
(887, 'usersModule - login API ', 'POST', '{"deviceId":"780fd0e9991d7d58","deviceType":"2","option":"userCardList","sessionToken":"619xttlxelcraogigdrbvyxqnlmttbjkhei294","userId":"6"}', '2017-01-31 04:01:05', 6),
(888, 'usersModule - login API ', 'POST', '{"deviceId":1,"deviceType":2,"option":"deleteCardDetails","userId":"6","sessionToken":"361pcsemteixrecnwlaindcflryovdnnbog167","cardId":"card_19hstGBZMRlMI3U4OTxtput6"}', '2017-01-31 04:01:05', 6),
(889, 'usersModule - login API ', 'POST', '{"deviceId":1,"deviceType":2,"option":"deleteCardDetails","userId":"6","sessionToken":"361pcsemteixrecnwlaindcflryovdnnbog167","cardId":"card_19hstGBZMRlMI3U4OTxtput6"}', '2017-01-31 04:01:05', 6),
(890, 'usersModule - login API ', 'POST', '{"deviceId":"780fd0e9991d7d58","deviceType":"2","option":"userCardList","sessionToken":"619xttlxelcraogigdrbvyxqnlmttbjkhei294","userId":"6"}', '2017-01-31 04:01:05', 6),
(891, 'usersModule - login API ', 'POST', '{"deviceId":"780fd0e9991d7d58","deviceType":"2","option":"userCardList","sessionToken":"619xttlxelcraogigdrbvyxqnlmttbjkhei294","userId":"6"}', '2017-01-31 04:01:05', 6),
(892, 'usersModule - login API ', 'POST', '{"deviceId":1,"deviceType":2,"option":"deleteCardDetails","userId":"6","sessionToken":"361pcsemteixrecnwlaindcflryovdnnbog167","cardId":"card_19hst1BZMRlMI3U4KYxdHJNA"}', '2017-01-31 04:01:06', 6),
(893, 'usersModule - login API ', 'POST', '{"deviceId":"780fd0e9991d7d58","deviceType":"2","option":"userCardDetails","sessionToken":"619xttlxelcraogigdrbvyxqnlmttbjkhei294","userId":"6","cardToken":"tok_19hsuzBZMRlMI3U40zSXxvyF"}', '2017-01-31 04:01:06', 6),
(894, 'usersModule - login API ', 'POST', '{"deviceId":"780fd0e9991d7d58","deviceType":"2","option":"userCardList","sessionToken":"619xttlxelcraogigdrbvyxqnlmttbjkhei294","userId":"6"}', '2017-01-31 04:01:07', 6),
(895, 'usersModule - login API ', 'POST', '{"deviceId":"780fd0e9991d7d58","deviceType":"2","option":"userCardList","sessionToken":"619xttlxelcraogigdrbvyxqnlmttbjkhei294","userId":"6"}', '2017-01-31 04:01:28', 6),
(896, 'usersModule - login API ', 'POST', '{"deviceId":"780fd0e9991d7d58","deviceType":"2","option":"userCardList","sessionToken":"619xttlxelcraogigdrbvyxqnlmttbjkhei294","userId":"6"}', '2017-01-31 04:01:28', 6),
(897, 'usersModule - login API ', 'POST', '{"deviceId":"780fd0e9991d7d58","deviceType":"2","option":"imageCount","sessionToken":"619xttlxelcraogigdrbvyxqnlmttbjkhei294","userId":"6"}', '2017-01-31 04:01:29', 6),
(898, 'usersModule - login API ', 'POST', '{"deviceId":"780fd0e9991d7d58","deviceType":"2","option":"userCardList","sessionToken":"619xttlxelcraogigdrbvyxqnlmttbjkhei294","userId":"6"}', '2017-01-31 04:01:29', 6),
(899, 'usersModule - login API ', 'POST', '{"deviceId":"780fd0e9991d7d58","deviceType":"2","option":"userCardList","sessionToken":"619xttlxelcraogigdrbvyxqnlmttbjkhei294","userId":"6"}', '2017-01-31 04:01:29', 6),
(900, 'usersModule - login API ', 'POST', '{"deviceId":"780fd0e9991d7d58","deviceType":"2","option":"userCardDetails","sessionToken":"619xttlxelcraogigdrbvyxqnlmttbjkhei294","userId":"6","cardToken":"tok_19htHIBZMRlMI3U4ZZNpfeAE"}', '2017-01-31 04:01:30', 6),
(901, 'usersModule - login API ', 'POST', '{"deviceId":"780fd0e9991d7d58","deviceType":"2","option":"userCardList","sessionToken":"619xttlxelcraogigdrbvyxqnlmttbjkhei294","userId":"6"}', '2017-01-31 04:01:30', 6),
(902, 'usersModule - login API ', 'POST', '{"deviceId":1,"deviceType":2,"option":"deleteCardDetails","userId":"6","sessionToken":"361pcsemteixrecnwlaindcflryovdnnbog167","cardId":"card_19htHHBZMRlMI3U4CBfilIeP"}', '2017-01-31 04:01:30', 6),
(903, 'usersModule - login API ', 'POST', '{"deviceId":1,"deviceType":2,"option":"deleteCardDetails","userId":"6","sessionToken":"361pcsemteixrecnwlaindcflryovdnnbog167","cardId":"card_19htHHBZMRlMI3U4CBfilIeP"}', '2017-01-31 04:01:30', 6),
(904, 'usersModule - login API ', 'POST', '{"deviceId":"780fd0e9991d7d58","deviceType":"2","option":"userCardList","sessionToken":"619xttlxelcraogigdrbvyxqnlmttbjkhei294","userId":"6"}', '2017-01-31 04:01:30', 6),
(905, 'usersModule - login API ', 'POST', '{"deviceId":"780fd0e9991d7d58","deviceType":"2","option":"userCardList","sessionToken":"619xttlxelcraogigdrbvyxqnlmttbjkhei294","userId":"6"}', '2017-01-31 04:01:30', 6),
(906, 'usersModule - login API ', 'POST', '{"deviceId":"780fd0e9991d7d58","deviceType":"2","option":"imageCount","sessionToken":"619xttlxelcraogigdrbvyxqnlmttbjkhei294","userId":"6"}', '2017-01-31 04:01:31', 6),
(907, 'usersModule - login API ', 'POST', '{"deviceId":"780fd0e9991d7d58","deviceType":"2","option":"userCardList","sessionToken":"619xttlxelcraogigdrbvyxqnlmttbjkhei294","userId":"6"}', '2017-01-31 04:01:31', 6),
(908, 'usersModule - login API ', 'POST', '{"deviceId":"780fd0e9991d7d58","deviceType":"2","option":"userCardList","sessionToken":"619xttlxelcraogigdrbvyxqnlmttbjkhei294","userId":"6"}', '2017-01-31 04:01:31', 6),
(909, 'usersModule - login API ', 'POST', '{"deviceId":"780fd0e9991d7d58","deviceType":"2","option":"userCardDetails","sessionToken":"619xttlxelcraogigdrbvyxqnlmttbjkhei294","userId":"6","cardToken":"tok_19htJRBZMRlMI3U4NYFAAxqL"}', '2017-01-31 04:01:32', 6),
(910, 'usersModule - login API ', 'POST', '{"deviceId":"780fd0e9991d7d58","deviceType":"2","option":"userCardList","sessionToken":"619xttlxelcraogigdrbvyxqnlmttbjkhei294","userId":"6"}', '2017-01-31 04:01:32', 6),
(911, 'usersModule - login API ', 'POST', '{"deviceId":"780fd0e9991d7d58","deviceType":"2","option":"userCardDetails","sessionToken":"619xttlxelcraogigdrbvyxqnlmttbjkhei294","userId":"6","cardToken":"tok_19htJfBZMRlMI3U4eN7cWRI5"}', '2017-01-31 04:01:32', 6),
(912, 'usersModule - login API ', 'POST', '{"deviceId":"780fd0e9991d7d58","deviceType":"2","option":"userCardList","sessionToken":"619xttlxelcraogigdrbvyxqnlmttbjkhei294","userId":"6"}', '2017-01-31 04:01:32', 6),
(913, 'usersModule - login API ', 'POST', '{"deviceId":1,"deviceType":2,"option":"deleteCardDetails","userId":"6","sessionToken":"361pcsemteixrecnwlaindcflryovdnnbog167","cardId":"card_19htJRBZMRlMI3U4L2vs1c2Y"}', '2017-01-31 04:01:32', 6),
(914, 'usersModule - login API ', 'POST', '{"deviceId":1,"deviceType":2,"option":"deleteCardDetails","userId":"6","sessionToken":"361pcsemteixrecnwlaindcflryovdnnbog167","cardId":"card_19htJRBZMRlMI3U4L2vs1c2Y"}', '2017-01-31 04:01:32', 6),
(915, 'usersModule - login API ', 'POST', '{"deviceId":"780fd0e9991d7d58","deviceType":"2","option":"userCardList","sessionToken":"619xttlxelcraogigdrbvyxqnlmttbjkhei294","userId":"6"}', '2017-01-31 04:01:32', 6),
(916, 'usersModule - login API ', 'POST', '{"deviceId":"780fd0e9991d7d58","deviceType":"2","option":"userCardList","sessionToken":"619xttlxelcraogigdrbvyxqnlmttbjkhei294","userId":"6"}', '2017-01-31 04:01:32', 6),
(917, 'usersModule - login API ', 'POST', '{"deviceId":"780fd0e9991d7d58","deviceType":"2","option":"imageCount","sessionToken":"619xttlxelcraogigdrbvyxqnlmttbjkhei294","userId":"6"}', '2017-01-31 04:01:33', 6),
(918, 'usersModule - login API ', 'POST', '{"deviceId":"780fd0e9991d7d58","deviceType":"2","option":"userCardList","sessionToken":"619xttlxelcraogigdrbvyxqnlmttbjkhei294","userId":"6"}', '2017-01-31 04:01:33', 6),
(919, 'usersModule - login API ', 'POST', '{"deviceId":"780fd0e9991d7d58","deviceType":"2","option":"userCardList","sessionToken":"619xttlxelcraogigdrbvyxqnlmttbjkhei294","userId":"6"}', '2017-01-31 04:01:33', 6),
(920, 'usersModule - login API ', 'POST', '{"deviceId":"780fd0e9991d7d58","deviceType":"2","option":"userCardDetails","sessionToken":"619xttlxelcraogigdrbvyxqnlmttbjkhei294","userId":"6","cardToken":"tok_19htKnBZMRlMI3U4auN0zTAV"}', '2017-01-31 04:01:33', 6),
(921, 'usersModule - login API ', 'POST', '{"deviceId":"780fd0e9991d7d58","deviceType":"2","option":"userCardList","sessionToken":"619xttlxelcraogigdrbvyxqnlmttbjkhei294","userId":"6"}', '2017-01-31 04:01:33', 6),
(922, 'usersModule - login API ', 'POST', '{"deviceId":1,"deviceType":2,"option":"deleteCardDetails","userId":"6","sessionToken":"361pcsemteixrecnwlaindcflryovdnnbog167","cardId":"card_19htJfBZMRlMI3U4sB9AIHu5"}', '2017-01-31 04:01:33', 6),
(923, 'usersModule - login API ', 'POST', '{"deviceId":1,"deviceType":2,"option":"deleteCardDetails","userId":"6","sessionToken":"361pcsemteixrecnwlaindcflryovdnnbog167","cardId":"card_19htJfBZMRlMI3U4sB9AIHu5"}', '2017-01-31 04:01:33', 6),
(924, 'usersModule - login API ', 'POST', '{"deviceId":1,"deviceType":2,"option":"deleteCardDetails","userId":"6","sessionToken":"361pcsemteixrecnwlaindcflryovdnnbog167","cardId":"card_19htJfBZMRlMI3U4sB9AIHu5"}', '2017-01-31 04:01:34', 6),
(925, 'usersModule - login API ', 'POST', '{"deviceId":"780fd0e9991d7d58","deviceType":"2","option":"userCardList","sessionToken":"619xttlxelcraogigdrbvyxqnlmttbjkhei294","userId":"6"}', '2017-01-31 04:01:34', 6),
(926, 'usersModule - login API ', 'POST', '{"deviceId":"780fd0e9991d7d58","deviceType":"2","option":"userCardList","sessionToken":"619xttlxelcraogigdrbvyxqnlmttbjkhei294","userId":"6"}', '2017-01-31 04:01:34', 6),
(927, 'usersModule - login API ', 'POST', '{"deviceId":"780fd0e9991d7d58","deviceType":"2","option":"imageCount","sessionToken":"619xttlxelcraogigdrbvyxqnlmttbjkhei294","userId":"6"}', '2017-01-31 04:01:34', 6),
(928, 'usersModule - login API ', 'POST', '{"deviceId":"780fd0e9991d7d58","deviceType":"2","option":"userCardList","sessionToken":"619xttlxelcraogigdrbvyxqnlmttbjkhei294","userId":"6"}', '2017-01-31 04:01:34', 6),
(929, 'usersModule - login API ', 'POST', '{"deviceId":"780fd0e9991d7d58","deviceType":"2","option":"userCardList","sessionToken":"619xttlxelcraogigdrbvyxqnlmttbjkhei294","userId":"6"}', '2017-01-31 04:01:34', 6),
(930, 'usersModule - login API ', 'POST', '{"deviceId":"780fd0e9991d7d58","deviceType":"2","option":"userCardDetails","sessionToken":"619xttlxelcraogigdrbvyxqnlmttbjkhei294","userId":"6","cardToken":"tok_19htLoBZMRlMI3U4AEYby9Mc"}', '2017-01-31 04:01:34', 6),
(931, 'usersModule - login API ', 'POST', '{"deviceId":"780fd0e9991d7d58","deviceType":"2","option":"userCardList","sessionToken":"619xttlxelcraogigdrbvyxqnlmttbjkhei294","userId":"6"}', '2017-01-31 04:01:34', 6),
(932, 'usersModule - login API ', 'POST', '{"deviceId":1,"deviceType":2,"option":"deleteCardDetails","userId":"6","sessionToken":"361pcsemteixrecnwlaindcflryovdnnbog167","cardId":"card_19htKnBZMRlMI3U47Uu6VB5l"}', '2017-01-31 04:01:40', 6),
(933, 'usersModule - login API ', 'POST', '{"deviceId":"780fd0e9991d7d58","deviceType":"2","option":"imageCount","sessionToken":"619xttlxelcraogigdrbvyxqnlmttbjkhei294","userId":"6"}', '2017-01-31 04:01:46', 6),
(934, 'usersModule - login API ', 'POST', '{"deviceId":"780fd0e9991d7d58","deviceType":"2","option":"userCardList","sessionToken":"619xttlxelcraogigdrbvyxqnlmttbjkhei294","userId":"6"}', '2017-01-31 04:01:46', 6),
(935, 'usersModule - login API ', 'POST', '{"deviceId":"780fd0e9991d7d58","deviceType":"2","option":"userCardList","sessionToken":"619xttlxelcraogigdrbvyxqnlmttbjkhei294","userId":"6"}', '2017-01-31 04:01:46', 6),
(936, 'usersModule - login API ', 'POST', '{"deviceId":1,"deviceType":2,"option":"deleteCardDetails","userId":"6","sessionToken":"619xttlxelcraogigdrbvyxqnlmttbjkhei294","cardId":"card_19htLoBZMRlMI3U4rN9j3axt"}', '2017-01-31 04:01:46', 6),
(937, 'usersModule - login API ', 'POST', '{"deviceId":1,"deviceType":2,"option":"deleteCardDetails","userId":"6","sessionToken":"619xttlxelcraogigdrbvyxqnlmttbjkhei294","cardId":"card_19hsuzBZMRlMI3U4Yf3xPfqU"}', '2017-01-31 04:01:46', 6),
(938, 'usersModule - login API ', 'POST', '{"deviceId":"780fd0e9991d7d58","deviceType":"2","option":"userCardList","sessionToken":"619xttlxelcraogigdrbvyxqnlmttbjkhei294","userId":"6"}', '2017-01-31 04:01:46', 6),
(939, 'usersModule - login API ', 'POST', '{"deviceId":"780fd0e9991d7d58","deviceType":"2","option":"userCardList","sessionToken":"619xttlxelcraogigdrbvyxqnlmttbjkhei294","userId":"6"}', '2017-01-31 04:01:46', 6),
(940, 'usersModule - login API ', 'POST', '{"deviceId":"780fd0e9991d7d58","deviceType":"2","option":"userCardDetails","sessionToken":"619xttlxelcraogigdrbvyxqnlmttbjkhei294","userId":"6","cardToken":"tok_19htXhBZMRlMI3U4iMkgEEZ4"}', '2017-01-31 04:01:46', 6),
(941, 'usersModule - login API ', 'POST', '{"deviceId":"780fd0e9991d7d58","deviceType":"2","option":"userCardList","sessionToken":"619xttlxelcraogigdrbvyxqnlmttbjkhei294","userId":"6"}', '2017-01-31 04:01:47', 6),
(942, 'usersModule - login API ', 'POST', '{"deviceId":"780fd0e9991d7d58","deviceType":"2","option":"userCardDetails","sessionToken":"619xttlxelcraogigdrbvyxqnlmttbjkhei294","userId":"6","cardToken":"tok_19htYBBZMRlMI3U4nlCiIkG1"}', '2017-01-31 04:01:47', 6),
(943, 'usersModule - login API ', 'POST', '{"deviceId":"780fd0e9991d7d58","deviceType":"2","option":"userCardList","sessionToken":"619xttlxelcraogigdrbvyxqnlmttbjkhei294","userId":"6"}', '2017-01-31 04:01:47', 6),
(944, 'usersModule - login API ', 'POST', '{"deviceId":"780fd0e9991d7d58","deviceType":"2","option":"userCardDetails","sessionToken":"619xttlxelcraogigdrbvyxqnlmttbjkhei294","userId":"6","cardToken":"tok_19htYRBZMRlMI3U4mU6vaESe"}', '2017-01-31 04:01:47', 6),
(945, 'usersModule - login API ', 'POST', '{"deviceId":"780fd0e9991d7d58","deviceType":"2","option":"userCardList","sessionToken":"619xttlxelcraogigdrbvyxqnlmttbjkhei294","userId":"6"}', '2017-01-31 04:01:47', 6),
(946, 'usersModule - login API ', 'POST', '{"deviceId":1,"deviceType":2,"option":"deleteCardDetails","userId":"6","sessionToken":"619xttlxelcraogigdrbvyxqnlmttbjkhei294","cardId":"card_19htXhBZMRlMI3U4qGJpwQWK"}', '2017-01-31 04:01:47', 6),
(947, 'usersModule - login API ', 'POST', '{"deviceId":1,"deviceType":2,"option":"deleteCardDetails","userId":"6","sessionToken":"619xttlxelcraogigdrbvyxqnlmttbjkhei294","cardId":"card_19htYQBZMRlMI3U4JnEGThV3"}', '2017-01-31 04:01:48', 6),
(948, 'usersModule - login API ', 'POST', '{"deviceId":1,"deviceType":2,"option":"deleteCardDetails","userId":"6","sessionToken":"619xttlxelcraogigdrbvyxqnlmttbjkhei294","cardId":"card_19htYBBZMRlMI3U4usOwle7O"}', '2017-01-31 04:01:48', 6),
(949, 'usersModule - login API ', 'POST', '{"deviceId":"780fd0e9991d7d58","deviceType":"2","option":"imageCount","sessionToken":"619xttlxelcraogigdrbvyxqnlmttbjkhei294","userId":"6"}', '2017-01-31 05:01:12', 6),
(950, 'usersModule - login API ', 'POST', '{"deviceId":"780fd0e9991d7d58","deviceType":"2","option":"imageCount","sessionToken":"619xttlxelcraogigdrbvyxqnlmttbjkhei294","userId":"6"}', '2017-01-31 05:01:12', 6),
(951, 'usersModule - login API ', 'POST', '{"deviceId":"780fd0e9991d7d58","deviceType":"2","option":"userCardList","sessionToken":"619xttlxelcraogigdrbvyxqnlmttbjkhei294","userId":"6"}', '2017-01-31 05:01:12', 6),
(952, 'usersModule - login API ', 'POST', '{"deviceId":"780fd0e9991d7d58","deviceType":"2","option":"userCardList","sessionToken":"619xttlxelcraogigdrbvyxqnlmttbjkhei294","userId":"6"}', '2017-01-31 05:01:12', 6),
(953, 'usersModule - login API ', 'POST', '{"deviceId":"780fd0e9991d7d58","deviceType":"2","option":"userCardDetails","sessionToken":"619xttlxelcraogigdrbvyxqnlmttbjkhei294","userId":"6","cardToken":"tok_19htwiBZMRlMI3U4WQNyHdep"}', '2017-01-31 05:01:12', 6),
(954, 'usersModule - login API ', 'POST', '{"deviceId":"780fd0e9991d7d58","deviceType":"2","option":"userCardList","sessionToken":"619xttlxelcraogigdrbvyxqnlmttbjkhei294","userId":"6"}', '2017-01-31 05:01:12', 6),
(955, 'usersModule - login API ', 'POST', '{"deviceId":"780fd0e9991d7d58","deviceType":"2","option":"userCardList","sessionToken":"619xttlxelcraogigdrbvyxqnlmttbjkhei294","userId":"6"}', '2017-01-31 05:01:13', 6),
(956, 'usersModule - login API ', 'POST', '{"deviceId":"780fd0e9991d7d58","deviceType":"2","option":"userCardList","sessionToken":"619xttlxelcraogigdrbvyxqnlmttbjkhei294","userId":"6"}', '2017-01-31 05:01:14', 6),
(957, 'usersModule - login API ', 'POST', '{"deviceId":"780fd0e9991d7d58","deviceType":"2","option":"userCardList","sessionToken":"619xttlxelcraogigdrbvyxqnlmttbjkhei294","userId":"6"}', '2017-01-31 05:01:25', 6),
(958, 'usersModule - login API ', 'POST', '{"deviceId":"780fd0e9991d7d58","deviceType":"2","option":"userCardList","sessionToken":"619xttlxelcraogigdrbvyxqnlmttbjkhei294","userId":"6"}', '2017-01-31 05:01:27', 6),
(959, 'usersModule - login API ', 'POST', '{"deviceId":"780fd0e9991d7d58","deviceType":"2","option":"imageCount","sessionToken":"619xttlxelcraogigdrbvyxqnlmttbjkhei294","userId":"6"}', '2017-01-31 05:01:28', 6),
(960, 'usersModule - login API ', 'POST', '{"deviceId":"780fd0e9991d7d58","deviceType":"2","option":"userCardList","sessionToken":"619xttlxelcraogigdrbvyxqnlmttbjkhei294","userId":"6"}', '2017-01-31 05:01:28', 6),
(961, 'usersModule - login API ', 'POST', '{"deviceId":"780fd0e9991d7d58","deviceType":"2","option":"userCardList","sessionToken":"619xttlxelcraogigdrbvyxqnlmttbjkhei294","userId":"6"}', '2017-01-31 05:01:28', 6),
(962, 'usersModule - login API ', 'POST', '{"deviceId":"780fd0e9991d7d58","deviceType":"2","option":"userCardList","sessionToken":"619xttlxelcraogigdrbvyxqnlmttbjkhei294","userId":"6"}', '2017-01-31 05:01:28', 6),
(963, 'usersModule - login API ', 'POST', '{"deviceId":"780fd0e9991d7d58","deviceType":"2","option":"userCardList","sessionToken":"619xttlxelcraogigdrbvyxqnlmttbjkhei294","userId":"6"}', '2017-01-31 05:01:29', 6),
(964, 'usersModule - login API ', 'POST', '{"deviceId":"780fd0e9991d7d58","deviceType":"2","option":"userCardList","sessionToken":"619xttlxelcraogigdrbvyxqnlmttbjkhei294","userId":"6"}', '2017-01-31 05:01:29', 6),
(965, 'usersModule - login API ', 'POST', '{"deviceId":"780fd0e9991d7d58","deviceType":"2","option":"userCardList","sessionToken":"619xttlxelcraogigdrbvyxqnlmttbjkhei294","userId":"6"}', '2017-01-31 05:01:36', 6),
(966, 'usersModule - login API ', 'POST', '{"deviceId":"780fd0e9991d7d58","deviceType":"2","option":"userCardList","sessionToken":"619xttlxelcraogigdrbvyxqnlmttbjkhei294","userId":"6"}', '2017-01-31 05:01:36', 6),
(967, 'usersModule - login API ', 'POST', '{"deviceId":"780fd0e9991d7d58","deviceType":"2","option":"userCardList","sessionToken":"619xttlxelcraogigdrbvyxqnlmttbjkhei294","userId":"6"}', '2017-01-31 05:01:42', 6),
(968, 'usersModule - login API ', 'POST', '{"deviceId":"780fd0e9991d7d58","deviceType":"2","option":"imageCount","sessionToken":"619xttlxelcraogigdrbvyxqnlmttbjkhei294","userId":"6"}', '2017-01-31 05:01:53', 6),
(969, 'usersModule - login API ', 'POST', '{"deviceId":"780fd0e9991d7d58","deviceType":"2","option":"userCardList","sessionToken":"619xttlxelcraogigdrbvyxqnlmttbjkhei294","userId":"6"}', '2017-01-31 05:01:53', 6),
(970, 'usersModule - login API ', 'POST', '{"deviceId":"780fd0e9991d7d58","deviceType":"2","option":"userCardList","sessionToken":"619xttlxelcraogigdrbvyxqnlmttbjkhei294","userId":"6"}', '2017-01-31 05:01:53', 6),
(971, 'usersModule - login API ', 'POST', '{"deviceId":"780fd0e9991d7d58","deviceType":"2","option":"userCardList","sessionToken":"619xttlxelcraogigdrbvyxqnlmttbjkhei294","userId":"6"}', '2017-01-31 05:01:53', 6),
(972, 'usersModule - login API ', 'POST', '{"deviceId":"780fd0e9991d7d58","deviceType":"2","option":"imageCount","sessionToken":"619xttlxelcraogigdrbvyxqnlmttbjkhei294","userId":"6"}', '2017-01-31 05:01:54', 6),
(973, 'usersModule - login API ', 'POST', '{"deviceId":"780fd0e9991d7d58","deviceType":"2","option":"userCardList","sessionToken":"619xttlxelcraogigdrbvyxqnlmttbjkhei294","userId":"6"}', '2017-01-31 05:01:54', 6),
(974, 'usersModule - login API ', 'POST', '{"deviceId":"780fd0e9991d7d58","deviceType":"2","option":"userCardList","sessionToken":"619xttlxelcraogigdrbvyxqnlmttbjkhei294","userId":"6"}', '2017-01-31 05:01:54', 6),
(975, 'usersModule - login API ', 'POST', '{"deviceId":"780fd0e9991d7d58","deviceType":"2","option":"userCardList","sessionToken":"619xttlxelcraogigdrbvyxqnlmttbjkhei294","userId":"6"}', '2017-01-31 05:01:54', 6),
(976, 'usersModule - login API ', 'POST', '{"deviceId":"780fd0e9991d7d58","deviceType":"2","option":"imageCount","sessionToken":"619xttlxelcraogigdrbvyxqnlmttbjkhei294","userId":"6"}', '2017-01-31 05:01:56', 6),
(977, 'usersModule - login API ', 'POST', '{"deviceId":"780fd0e9991d7d58","deviceType":"2","option":"userCardList","sessionToken":"619xttlxelcraogigdrbvyxqnlmttbjkhei294","userId":"6"}', '2017-01-31 05:01:56', 6),
(978, 'usersModule - login API ', 'POST', '{"deviceId":"780fd0e9991d7d58","deviceType":"2","option":"userCardList","sessionToken":"619xttlxelcraogigdrbvyxqnlmttbjkhei294","userId":"6"}', '2017-01-31 05:01:56', 6),
(979, 'usersModule - login API ', 'POST', '{"deviceId":"780fd0e9991d7d58","deviceType":"2","option":"userCardList","sessionToken":"619xttlxelcraogigdrbvyxqnlmttbjkhei294","userId":"6"}', '2017-01-31 05:01:56', 6),
(980, 'usersModule - login API ', 'POST', '{"deviceId":"780fd0e9991d7d58","deviceType":"2","option":"imageCount","sessionToken":"619xttlxelcraogigdrbvyxqnlmttbjkhei294","userId":"6"}', '2017-01-31 05:01:57', 6),
(981, 'usersModule - login API ', 'POST', '{"deviceId":"780fd0e9991d7d58","deviceType":"2","option":"userCardList","sessionToken":"619xttlxelcraogigdrbvyxqnlmttbjkhei294","userId":"6"}', '2017-01-31 05:01:57', 6),
(982, 'usersModule - login API ', 'POST', '{"deviceId":"780fd0e9991d7d58","deviceType":"2","option":"userCardList","sessionToken":"619xttlxelcraogigdrbvyxqnlmttbjkhei294","userId":"6"}', '2017-01-31 05:01:57', 6),
(983, 'usersModule - login API ', 'POST', '{"deviceId":"780fd0e9991d7d58","deviceType":"2","option":"userCardList","sessionToken":"619xttlxelcraogigdrbvyxqnlmttbjkhei294","userId":"6"}', '2017-01-31 05:01:58', 6),
(984, 'usersModule - login API ', 'POST', '{"deviceId":"780fd0e9991d7d58","deviceType":"2","option":"userCardList","sessionToken":"619xttlxelcraogigdrbvyxqnlmttbjkhei294","userId":"6"}', '2017-01-31 06:01:03', 6),
(985, 'usersModule - login API ', 'POST', '{"deviceId":"1","deviceType":"1","email":"a@a.COM","password":"qwerty","option":"login"}', '2017-01-31 06:01:04', NULL),
(986, 'usersModule - login API ', 'POST', '{"deviceId":"780fd0e9991d7d58","deviceType":"2","option":"userCardList","sessionToken":"619xttlxelcraogigdrbvyxqnlmttbjkhei294","userId":"6"}', '2017-01-31 06:01:05', 6),
(987, 'usersModule - login API ', 'POST', '{"deviceId":"780fd0e9991d7d58","deviceType":"2","option":"userCardList","sessionToken":"619xttlxelcraogigdrbvyxqnlmttbjkhei294","userId":"6"}', '2017-01-31 06:01:05', 6),
(988, 'usersModule - login API ', 'POST', '{"deviceId":"780fd0e9991d7d58","deviceType":"2","option":"userCardDetails","sessionToken":"619xttlxelcraogigdrbvyxqnlmttbjkhei294","userId":"6","cardToken":"tok_19hulgBZMRlMI3U49A8W7zbY"}', '2017-01-31 06:01:05', 6),
(989, 'usersModule - login API ', 'POST', '{"deviceId":"1","deviceType":"1","email":"new@new.com","password":"new","option":"login"}', '2017-01-31 06:01:05', NULL),
(990, 'usersModule - login API ', 'POST', '{"deviceId":"780fd0e9991d7d58","deviceType":"2","option":"userCardList","sessionToken":"619xttlxelcraogigdrbvyxqnlmttbjkhei294","userId":"6"}', '2017-01-31 06:01:05', 6),
(991, 'usersModule - login API ', 'POST', '{"deviceId":"1","deviceType":"1","option":"userCardList","sessionToken":"565yqofoyhddrguehngzmfdbgtnftkzozkn368","userId":"6"}', '2017-01-31 06:01:05', 6),
(992, 'usersModule - login API ', 'POST', '{"option":"editCardDetails","sessionToken":"565yqofoyhddrguehngzmfdbgtnftkzozkn368","deviceId":"1","deviceType":"1","userId":"6","cardHolderName":"ankita singh","expiryMonth":"12","expiryYear":"2027","cardId":"card_19hulgBZMRlMI3U4lb4OcIN4"}', '2017-01-31 06:01:06', 6),
(993, 'usersModule - login API ', 'POST', '{"deviceId":"1","deviceType":"1","option":"userCardList","sessionToken":"565yqofoyhddrguehngzmfdbgtnftkzozkn368","userId":"6"}', '2017-01-31 06:01:06', 6),
(994, 'usersModule - login API ', 'POST', '{"deviceId":"780fd0e9991d7d58","deviceType":"2","option":"userCardList","sessionToken":"619xttlxelcraogigdrbvyxqnlmttbjkhei294","userId":"6"}', '2017-01-31 06:01:20', 6),
(995, 'usersModule - login API ', 'POST', '{"deviceId":"780fd0e9991d7d58","deviceType":"2","option":"userCardList","sessionToken":"619xttlxelcraogigdrbvyxqnlmttbjkhei294","userId":"6"}', '2017-01-31 06:01:21', 6),
(996, 'usersModule - login API ', 'POST', '{"deviceId":"780fd0e9991d7d58","deviceType":"2","option":"login","email":"new@new.com","password":"new"}', '2017-01-31 06:01:23', NULL),
(997, 'loginModule - forgetPwd API ', 'POST', '{"deviceId":"780fd0e9991d7d58","deviceType":"2","option":"userExtraDetails","phoneNumber":"4569996555555","country":"Mexico"}', '2017-01-31 06:01:23', NULL),
(998, 'usersModule - login API ', 'POST', '{"deviceId":"780fd0e9991d7d58","deviceType":"2","option":"imageCount","sessionToken":"539oxsapaxitguwiuvkpcutprsaombekafb614","userId":"6"}', '2017-01-31 06:01:24', 6),
(999, 'usersModule - login API ', 'POST', '{"deviceId":"780fd0e9991d7d58","deviceType":"2","option":"userCardList","sessionToken":"539oxsapaxitguwiuvkpcutprsaombekafb614","userId":"6"}', '2017-01-31 06:01:24', 6),
(1000, 'usersModule - login API ', 'POST', '{"deviceId":"780fd0e9991d7d58","deviceType":"2","option":"userCardList","sessionToken":"539oxsapaxitguwiuvkpcutprsaombekafb614","userId":"6"}', '2017-01-31 06:01:24', 6),
(1001, 'usersModule - login API ', 'POST', '{"deviceId":"780fd0e9991d7d58","deviceType":"2","option":"editCardDetails","sessionToken":"539oxsapaxitguwiuvkpcutprsaombekafb614","userId":"6","cardId":"card_19htwiBZMRlMI3U4JXC2afny","cardHolderName":"abhini","expiryMonth":"6","expiryYear":"2099"}', '2017-01-31 06:01:24', 6),
(1002, 'usersModule - login API ', 'POST', '{"deviceId":"780fd0e9991d7d58","deviceType":"2","option":"imageCount","sessionToken":"539oxsapaxitguwiuvkpcutprsaombekafb614","userId":"6"}', '2017-01-31 06:01:30', 6),
(1003, 'usersModule - login API ', 'POST', '{"deviceId":"780fd0e9991d7d58","deviceType":"2","option":"userCardList","sessionToken":"539oxsapaxitguwiuvkpcutprsaombekafb614","userId":"6"}', '2017-01-31 06:01:30', 6),
(1004, 'usersModule - login API ', 'POST', '{"deviceId":"780fd0e9991d7d58","deviceType":"2","option":"userCardList","sessionToken":"539oxsapaxitguwiuvkpcutprsaombekafb614","userId":"6"}', '2017-01-31 06:01:30', 6),
(1005, 'usersModule - login API ', 'POST', '{"deviceId":"780fd0e9991d7d58","deviceType":"2","option":"editCardDetails","sessionToken":"539oxsapaxitguwiuvkpcutprsaombekafb614","userId":"6","cardId":"card_19htwiBZMRlMI3U4JXC2afny","cardHolderName":"abhini","expiryMonth":"6","expiryYear":"2099"}', '2017-01-31 06:01:33', 6),
(1006, 'usersModule - login API ', 'POST', '{"deviceId":"780fd0e9991d7d58","deviceType":"2","option":"editCardDetails","sessionToken":"539oxsapaxitguwiuvkpcutprsaombekafb614","userId":"6","cardId":"card_19htwiBZMRlMI3U4JXC2afny","cardHolderName":"gggg","expiryMonth":"6","expiryYear":"2050"}', '2017-01-31 06:01:34', 6),
(1007, 'usersModule - login API ', 'POST', '{"deviceId":"780fd0e9991d7d58","deviceType":"2","option":"userCardList","sessionToken":"539oxsapaxitguwiuvkpcutprsaombekafb614","userId":"6"}', '2017-01-31 06:01:34', 6),
(1008, 'usersModule - login API ', 'POST', '{"deviceId":"780fd0e9991d7d58","deviceType":"2","option":"userCardList","sessionToken":"539oxsapaxitguwiuvkpcutprsaombekafb614","userId":"6"}', '2017-01-31 06:01:35', 6),
(1009, 'usersModule - login API ', 'POST', '{"deviceId":"780fd0e9991d7d58","deviceType":"2","option":"userCardList","sessionToken":"539oxsapaxitguwiuvkpcutprsaombekafb614","userId":"6"}', '2017-01-31 06:01:35', 6),
(1010, 'usersModule - login API ', 'POST', '{"deviceId":"780fd0e9991d7d58","deviceType":"2","option":"userCardList","sessionToken":"539oxsapaxitguwiuvkpcutprsaombekafb614","userId":"6"}', '2017-01-31 06:01:38', 6),
(1011, 'usersModule - login API ', 'POST', '{"deviceId":1,"deviceType":2,"option":"deleteCardDetails","userId":"6","sessionToken":"539oxsapaxitguwiuvkpcutprsaombekafb614","cardId":"card_19htwiBZMRlMI3U4JXC2afny"}', '2017-01-31 06:01:38', 6),
(1012, 'usersModule - login API ', 'POST', '{"deviceId":1,"deviceType":2,"option":"deleteCardDetails","userId":"6","sessionToken":"539oxsapaxitguwiuvkpcutprsaombekafb614","cardId":"card_19hulgBZMRlMI3U4lb4OcIN4"}', '2017-01-31 06:01:38', 6),
(1013, 'usersModule - login API ', 'POST', '{"deviceId":"780fd0e9991d7d58","deviceType":"2","option":"userCardDetails","sessionToken":"539oxsapaxitguwiuvkpcutprsaombekafb614","userId":"6","cardToken":"tok_19hvIGBZMRlMI3U4rGUr9i2S"}', '2017-01-31 06:01:39', 6),
(1014, 'usersModule - login API ', 'POST', '{"deviceId":"780fd0e9991d7d58","deviceType":"2","option":"userCardList","sessionToken":"539oxsapaxitguwiuvkpcutprsaombekafb614","userId":"6"}', '2017-01-31 06:01:39', 6),
(1015, 'usersModule - login API ', 'POST', '{"deviceId":"780fd0e9991d7d58","deviceType":"2","option":"userCardDetails","sessionToken":"539oxsapaxitguwiuvkpcutprsaombekafb614","userId":"6","cardToken":"tok_19hvIUBZMRlMI3U4gnNeHZvM"}', '2017-01-31 06:01:39', 6),
(1016, 'usersModule - login API ', 'POST', '{"deviceId":"780fd0e9991d7d58","deviceType":"2","option":"userCardList","sessionToken":"539oxsapaxitguwiuvkpcutprsaombekafb614","userId":"6"}', '2017-01-31 06:01:39', 6),
(1017, 'usersModule - login API ', 'POST', '{"deviceId":"780fd0e9991d7d58","deviceType":"2","option":"userCardDetails","sessionToken":"539oxsapaxitguwiuvkpcutprsaombekafb614","userId":"6","cardToken":"tok_19hvIkBZMRlMI3U4aLj5uS6f"}', '2017-01-31 06:01:39', 6),
(1018, 'usersModule - login API ', 'POST', '{"deviceId":"780fd0e9991d7d58","deviceType":"2","option":"userCardList","sessionToken":"539oxsapaxitguwiuvkpcutprsaombekafb614","userId":"6"}', '2017-01-31 06:01:39', 6),
(1019, 'usersModule - login API ', 'POST', '{"deviceId":"780fd0e9991d7d58","deviceType":"2","option":"userCardList","sessionToken":"539oxsapaxitguwiuvkpcutprsaombekafb614","userId":"6"}', '2017-01-31 06:01:57', 6),
(1020, 'usersModule - login API ', 'POST', '{"deviceId":"780fd0e9991d7d58","deviceType":"2","option":"userCardList","sessionToken":"539oxsapaxitguwiuvkpcutprsaombekafb614","userId":"6"}', '2017-01-31 07:01:42', 6),
(1021, 'usersModule - login API ', 'POST', '{"deviceId":"780fd0e9991d7d58","deviceType":"2","option":"userCardList","sessionToken":"539oxsapaxitguwiuvkpcutprsaombekafb614","userId":"6"}', '2017-01-31 08:01:07', 6),
(1022, 'usersModule - login API ', 'POST', '{"deviceId":"780fd0e9991d7d58","deviceType":"2","option":"userCardList","sessionToken":"539oxsapaxitguwiuvkpcutprsaombekafb614","userId":"6"}', '2017-01-31 08:01:28', 6),
(1023, 'usersModule - login API ', 'POST', '{"deviceId":"780fd0e9991d7d58","deviceType":"2","option":"userCardList","sessionToken":"539oxsapaxitguwiuvkpcutprsaombekafb614","userId":"6"}', '2017-01-31 08:01:33', 6),
(1024, 'usersModule - login API ', 'POST', '{"deviceId":"780fd0e9991d7d58","deviceType":"2","option":"imageCount","sessionToken":"539oxsapaxitguwiuvkpcutprsaombekafb614","userId":"6"}', '2017-01-31 08:01:33', 6),
(1025, 'usersModule - login API ', 'POST', '{"deviceId":"780fd0e9991d7d58","deviceType":"2","option":"plansDetails","sessionToken":"539oxsapaxitguwiuvkpcutprsaombekafb614"}', '2017-01-31 08:01:33', NULL),
(1026, 'usersModule - login API ', 'POST', '{"deviceId":"780fd0e9991d7d58","deviceType":"2","option":"userCardList","sessionToken":"539oxsapaxitguwiuvkpcutprsaombekafb614","userId":"6"}', '2017-01-31 08:01:33', 6),
(1027, 'usersModule - login API ', 'POST', '{"deviceId":"780fd0e9991d7d58","deviceType":"2","option":"userCardList","sessionToken":"539oxsapaxitguwiuvkpcutprsaombekafb614","userId":"6"}', '2017-01-31 08:01:34', 6),
(1028, 'usersModule - login API ', 'POST', '{"deviceId":"780fd0e9991d7d58","deviceType":"2","option":"imageCount","sessionToken":"539oxsapaxitguwiuvkpcutprsaombekafb614","userId":"6"}', '2017-01-31 08:01:34', 6),
(1029, 'loginModule - forgetPwd API ', 'POST', '{"deviceId":"780fd0e9991d7d58","deviceType":"2","option":"userProfile","sessionToken":"539oxsapaxitguwiuvkpcutprsaombekafb614","userId":"6"}', '2017-01-31 08:01:34', 6),
(1030, 'loginModule - forgetPwd API ', 'POST', '{"deviceId":"780fd0e9991d7d58","deviceType":"2","option":"userProfile","sessionToken":"539oxsapaxitguwiuvkpcutprsaombekafb614","userId":"6"}', '2017-01-31 08:01:34', 6),
(1031, 'loginModule - forgetPwd API ', 'POST', '{"deviceId":"780fd0e9991d7d58","deviceType":"2","option":"userProfile","sessionToken":"539oxsapaxitguwiuvkpcutprsaombekafb614","userId":"6"}', '2017-01-31 08:01:35', 6),
(1032, 'loginModule - forgetPwd API ', 'POST', '{"deviceId":"780fd0e9991d7d58","deviceType":"2","option":"userProfile","sessionToken":"539oxsapaxitguwiuvkpcutprsaombekafb614","userId":"6"}', '2017-01-31 08:01:36', 6),
(1033, 'loginModule - forgetPwd API ', 'POST', '{"deviceId":"780fd0e9991d7d58","deviceType":"2","option":"userProfile","sessionToken":"539oxsapaxitguwiuvkpcutprsaombekafb614","userId":"6"}', '2017-01-31 08:01:36', 6),
(1034, 'loginModule - forgetPwd API ', 'POST', '{"deviceId":"780fd0e9991d7d58","deviceType":"2","option":"userProfile","sessionToken":"539oxsapaxitguwiuvkpcutprsaombekafb614","userId":"6"}', '2017-01-31 08:01:36', 6),
(1035, 'loginModule - forgetPwd API ', 'POST', '{"deviceId":"780fd0e9991d7d58","deviceType":"2","option":"userProfile","sessionToken":"539oxsapaxitguwiuvkpcutprsaombekafb614","userId":"6"}', '2017-01-31 08:01:36', 6),
(1036, 'loginModule - forgetPwd API ', 'POST', '{"deviceId":"780fd0e9991d7d58","deviceType":"2","option":"userProfile","sessionToken":"539oxsapaxitguwiuvkpcutprsaombekafb614","userId":"6"}', '2017-01-31 08:01:36', 6),
(1037, 'loginModule - forgetPwd API ', 'POST', '{"deviceId":"780fd0e9991d7d58","deviceType":"2","option":"userProfile","sessionToken":"539oxsapaxitguwiuvkpcutprsaombekafb614","userId":"6"}', '2017-01-31 08:01:45', 6),
(1038, 'loginModule - forgetPwd API ', 'POST', '{"deviceId":"780fd0e9991d7d58","deviceType":"2","option":"userProfile","sessionToken":"539oxsapaxitguwiuvkpcutprsaombekafb614","userId":"6"}', '2017-01-31 09:01:02', 6),
(1039, 'usersModule - login API ', 'POST', '{"deviceId":"780fd0e9991d7d58","deviceType":"2","option":"imageCount","sessionToken":"539oxsapaxitguwiuvkpcutprsaombekafb614","userId":"6"}', '2017-01-31 09:01:08', 6),
(1040, 'loginModule - forgetPwd API ', 'POST', '{"deviceId":"780fd0e9991d7d58","deviceType":"2","option":"userProfile","sessionToken":"539oxsapaxitguwiuvkpcutprsaombekafb614","userId":"6"}', '2017-01-31 09:01:09', 6),
(1041, 'loginModule - forgetPwd API ', 'POST', '{"deviceId":"780fd0e9991d7d58","deviceType":"2","option":"userProfile","sessionToken":"539oxsapaxitguwiuvkpcutprsaombekafb614","userId":"6"}', '2017-01-31 09:01:09', 6),
(1042, 'usersModule - login API ', 'POST', '{"deviceId":"780fd0e9991d7d58","deviceType":"2","option":"plansDetails","sessionToken":"539oxsapaxitguwiuvkpcutprsaombekafb614"}', '2017-01-31 09:01:09', NULL),
(1043, 'usersModule - login API ', 'POST', '{"deviceId":"780fd0e9991d7d58","deviceType":"2","option":"userCardList","sessionToken":"539oxsapaxitguwiuvkpcutprsaombekafb614","userId":"6"}', '2017-01-31 09:01:09', 6),
(1044, 'usersModule - login API ', 'POST', '{"deviceId":"780fd0e9991d7d58","deviceType":"2","option":"userCardList","sessionToken":"539oxsapaxitguwiuvkpcutprsaombekafb614","userId":"6"}', '2017-01-31 09:01:09', 6),
(1045, 'usersModule - login API ', 'POST', '{"deviceId":"780fd0e9991d7d58","deviceType":"2","option":"imageCount","sessionToken":"539oxsapaxitguwiuvkpcutprsaombekafb614","userId":"6"}', '2017-01-31 09:01:09', 6),
(1046, 'loginModule - forgetPwd API ', 'POST', '{"deviceId":"780fd0e9991d7d58","deviceType":"2","option":"userProfile","sessionToken":"539oxsapaxitguwiuvkpcutprsaombekafb614","userId":"6"}', '2017-01-31 09:01:09', 6),
(1047, 'loginModule - forgetPwd API ', 'POST', '{"deviceId":"780fd0e9991d7d58","deviceType":"2","option":"userProfile","sessionToken":"539oxsapaxitguwiuvkpcutprsaombekafb614","userId":"6"}', '2017-01-31 09:01:09', 6),
(1048, 'usersModule - login API ', 'POST', '{"deviceId":"780fd0e9991d7d58","deviceType":"2","option":"imageCount","sessionToken":"539oxsapaxitguwiuvkpcutprsaombekafb614","userId":"6"}', '2017-01-31 09:01:11', 6),
(1049, 'usersModule - login API ', 'POST', '{"deviceId":"780fd0e9991d7d58","deviceType":"2","option":"plansDetails","sessionToken":"539oxsapaxitguwiuvkpcutprsaombekafb614"}', '2017-01-31 09:01:11', NULL),
(1050, 'usersModule - login API ', 'POST', '{"deviceId":"780fd0e9991d7d58","deviceType":"2","option":"imageCount","sessionToken":"539oxsapaxitguwiuvkpcutprsaombekafb614","userId":"6"}', '2017-01-31 09:01:11', 6),
(1051, 'usersModule - login API ', 'POST', '{"deviceId":"780fd0e9991d7d58","deviceType":"2","option":"imageCount","sessionToken":"539oxsapaxitguwiuvkpcutprsaombekafb614","userId":"6"}', '2017-01-31 09:01:11', 6),
(1052, 'loginModule - forgetPwd API ', 'POST', '{"deviceId":"780fd0e9991d7d58","deviceType":"2","option":"userProfile","sessionToken":"539oxsapaxitguwiuvkpcutprsaombekafb614","userId":"6"}', '2017-01-31 09:01:11', 6),
(1053, 'loginModule - forgetPwd API ', 'POST', '{"deviceId":"780fd0e9991d7d58","deviceType":"2","option":"userProfile","sessionToken":"539oxsapaxitguwiuvkpcutprsaombekafb614","userId":"6"}', '2017-01-31 09:01:11', 6),
(1054, 'usersModule - login API ', 'POST', '{"deviceId":"780fd0e9991d7d58","deviceType":"2","option":"imageCount","sessionToken":"539oxsapaxitguwiuvkpcutprsaombekafb614","userId":"6"}', '2017-01-31 09:01:11', 6),
(1055, 'usersModule - login API ', 'POST', '{"deviceId":"780fd0e9991d7d58","deviceType":"2","option":"imageCount","sessionToken":"539oxsapaxitguwiuvkpcutprsaombekafb614","userId":"6"}', '2017-01-31 09:01:11', 6),
(1056, 'loginModule - forgetPwd API ', 'POST', '{"deviceId":"780fd0e9991d7d58","deviceType":"2","option":"userProfile","sessionToken":"539oxsapaxitguwiuvkpcutprsaombekafb614","userId":"6"}', '2017-01-31 09:01:14', 6),
(1057, 'loginModule - forgetPwd API ', 'POST', '{"deviceId":"780fd0e9991d7d58","deviceType":"2","option":"userProfile","sessionToken":"539oxsapaxitguwiuvkpcutprsaombekafb614","userId":"6"}', '2017-01-31 09:01:14', 6),
(1058, 'usersModule - login API ', 'POST', '{"deviceId":"780fd0e9991d7d58","deviceType":"2","option":"imageCount","sessionToken":"539oxsapaxitguwiuvkpcutprsaombekafb614","userId":"6"}', '2017-01-31 09:01:15', 6),
(1059, 'usersModule - login API ', 'POST', '{"deviceId":"780fd0e9991d7d58","deviceType":"2","option":"imageCount","sessionToken":"539oxsapaxitguwiuvkpcutprsaombekafb614","userId":"6"}', '2017-01-31 09:01:15', 6),
(1060, 'loginModule - forgetPwd API ', 'POST', '{"deviceId":"780fd0e9991d7d58","deviceType":"2","option":"userProfile","sessionToken":"539oxsapaxitguwiuvkpcutprsaombekafb614","userId":"6"}', '2017-01-31 09:01:20', 6),
(1061, 'loginModule - forgetPwd API ', 'POST', '{"deviceId":"780fd0e9991d7d58","deviceType":"2","option":"userProfile","sessionToken":"539oxsapaxitguwiuvkpcutprsaombekafb614","userId":"6"}', '2017-01-31 09:01:20', 6),
(1062, 'loginModule - forgetPwd API ', 'POST', '{"deviceId":"780fd0e9991d7d58","deviceType":"2","option":"userProfile","sessionToken":"539oxsapaxitguwiuvkpcutprsaombekafb614","userId":"6"}', '2017-01-31 09:01:25', 6),
(1063, 'usersModule - login API ', 'POST', '{"deviceId":"780fd0e9991d7d58","deviceType":"2","option":"imageCount","sessionToken":"539oxsapaxitguwiuvkpcutprsaombekafb614","userId":"6"}', '2017-01-31 09:01:26', 6),
(1064, 'usersModule - login API ', 'POST', '{"deviceId":"780fd0e9991d7d58","deviceType":"2","option":"plansDetails","sessionToken":"539oxsapaxitguwiuvkpcutprsaombekafb614"}', '2017-01-31 09:01:26', NULL),
(1065, 'usersModule - login API ', 'POST', '{"deviceId":"780fd0e9991d7d58","deviceType":"2","option":"userCardList","sessionToken":"539oxsapaxitguwiuvkpcutprsaombekafb614","userId":"6"}', '2017-01-31 09:01:26', 6),
(1066, 'usersModule - login API ', 'POST', '{"deviceId":"780fd0e9991d7d58","deviceType":"2","option":"userCardList","sessionToken":"539oxsapaxitguwiuvkpcutprsaombekafb614","userId":"6"}', '2017-01-31 09:01:26', 6),
(1067, 'usersModule - login API ', 'POST', '{"deviceId":"780fd0e9991d7d58","deviceType":"2","option":"userCardList","sessionToken":"539oxsapaxitguwiuvkpcutprsaombekafb614","userId":"6"}', '2017-01-31 09:01:27', 6),
(1068, 'usersModule - login API ', 'POST', '{"deviceId":"780fd0e9991d7d58","deviceType":"2","option":"userCardList","sessionToken":"539oxsapaxitguwiuvkpcutprsaombekafb614","userId":"6"}', '2017-01-31 09:01:27', 6),
(1069, 'usersModule - login API ', 'POST', '{"deviceId":"780fd0e9991d7d58","deviceType":"2","option":"imageCount","sessionToken":"539oxsapaxitguwiuvkpcutprsaombekafb614","userId":"6"}', '2017-01-31 09:01:29', 6),
(1070, 'loginModule - forgetPwd API ', 'POST', '{"deviceId":"780fd0e9991d7d58","deviceType":"2","option":"userProfile","sessionToken":"539oxsapaxitguwiuvkpcutprsaombekafb614","userId":"6"}', '2017-01-31 09:01:29', 6),
(1071, 'loginModule - forgetPwd API ', 'POST', '{"deviceId":"780fd0e9991d7d58","deviceType":"2","option":"userProfile","sessionToken":"539oxsapaxitguwiuvkpcutprsaombekafb614","userId":"6"}', '2017-01-31 09:01:29', 6),
(1072, 'usersModule - login API ', 'POST', '{"deviceId":"780fd0e9991d7d58","deviceType":"2","option":"imageCount","sessionToken":"539oxsapaxitguwiuvkpcutprsaombekafb614","userId":"6"}', '2017-01-31 09:01:35', 6),
(1073, 'usersModule - login API ', 'POST', '{"deviceId":"780fd0e9991d7d58","deviceType":"2","option":"plansDetails","sessionToken":"539oxsapaxitguwiuvkpcutprsaombekafb614"}', '2017-01-31 09:01:38', NULL),
(1074, 'usersModule - login API ', 'POST', '{"deviceId":"780fd0e9991d7d58","deviceType":"2","option":"userCardList","sessionToken":"539oxsapaxitguwiuvkpcutprsaombekafb614","userId":"6"}', '2017-01-31 09:01:38', 6),
(1075, 'usersModule - login API ', 'POST', '{"deviceId":"780fd0e9991d7d58","deviceType":"2","option":"userCardList","sessionToken":"539oxsapaxitguwiuvkpcutprsaombekafb614","userId":"6"}', '2017-01-31 09:01:38', 6),
(1076, 'usersModule - login API ', 'POST', '{"deviceId":"780fd0e9991d7d58","deviceType":"2","option":"userCardList","sessionToken":"539oxsapaxitguwiuvkpcutprsaombekafb614","userId":"6"}', '2017-01-31 09:01:38', 6),
(1077, 'usersModule - login API ', 'POST', '{"deviceId":"780fd0e9991d7d58","deviceType":"2","option":"userCardList","sessionToken":"539oxsapaxitguwiuvkpcutprsaombekafb614","userId":"6"}', '2017-01-31 09:01:38', 6),
(1078, 'usersModule - login API ', 'POST', '{"deviceId":"780fd0e9991d7d58","deviceType":"2","option":"userCardList","sessionToken":"539oxsapaxitguwiuvkpcutprsaombekafb614","userId":"6"}', '2017-01-31 09:01:39', 6),
(1079, 'usersModule - login API ', 'POST', '{"deviceId":"780fd0e9991d7d58","deviceType":"2","option":"userCardDetails","sessionToken":"539oxsapaxitguwiuvkpcutprsaombekafb614","userId":"6","cardToken":"tok_19hy6YBZMRlMI3U4CmWID0Ej"}', '2017-01-31 09:01:39', 6),
(1080, 'usersModule - login API ', 'POST', '{"deviceId":"780fd0e9991d7d58","deviceType":"2","option":"userCardList","sessionToken":"539oxsapaxitguwiuvkpcutprsaombekafb614","userId":"6"}', '2017-01-31 09:01:39', 6),
(1081, 'usersModule - login API ', 'POST', '{"deviceId":1,"deviceType":2,"option":"deleteCardDetails","userId":"6","sessionToken":"539oxsapaxitguwiuvkpcutprsaombekafb614","cardId":"card_19hvIGBZMRlMI3U4JXM6uohr"}', '2017-01-31 09:01:39', 6),
(1082, 'usersModule - login API ', 'POST', '{"deviceId":"780fd0e9991d7d58","deviceType":"2","option":"userCardDetails","sessionToken":"539oxsapaxitguwiuvkpcutprsaombekafb614","userId":"6","cardToken":"tok_19hy7CBZMRlMI3U4cIxS22q2"}', '2017-01-31 09:01:39', 6),
(1083, 'usersModule - login API ', 'POST', '{"deviceId":"780fd0e9991d7d58","deviceType":"2","option":"userCardList","sessionToken":"539oxsapaxitguwiuvkpcutprsaombekafb614","userId":"6"}', '2017-01-31 09:01:39', 6),
(1084, 'usersModule - login API ', 'POST', '{"deviceId":"780fd0e9991d7d58","deviceType":"2","option":"userCardDetails","sessionToken":"539oxsapaxitguwiuvkpcutprsaombekafb614","userId":"6","cardToken":"tok_19hy7eBZMRlMI3U4kAFpEJOd"}', '2017-01-31 09:01:40', 6),
(1085, 'usersModule - login API ', 'POST', '{"deviceId":"780fd0e9991d7d58","deviceType":"2","option":"userCardList","sessionToken":"539oxsapaxitguwiuvkpcutprsaombekafb614","userId":"6"}', '2017-01-31 09:01:40', 6),
(1086, 'usersModule - login API ', 'POST', '{"deviceId":"780fd0e9991d7d58","deviceType":"2","option":"userCardList","sessionToken":"539oxsapaxitguwiuvkpcutprsaombekafb614","userId":"6"}', '2017-01-31 10:01:05', 6),
(1087, 'loginModule - forgetPwd API ', 'POST', '{"deviceId":"780fd0e9991d7d58","deviceType":"2","option":"userProfile","sessionToken":"","userId":""}', '2017-01-31 10:01:07', NULL),
(1088, 'loginModule - forgetPwd API ', 'POST', '{"deviceId":"780fd0e9991d7d58","deviceType":"2","option":"userProfile","sessionToken":"","userId":""}', '2017-01-31 10:01:07', NULL),
(1089, 'loginModule - forgetPwd API ', 'POST', '{"deviceId":"780fd0e9991d7d58","deviceType":"2","option":"userProfile","sessionToken":"","userId":""}', '2017-01-31 10:01:07', NULL),
(1090, 'loginModule - forgetPwd API ', 'POST', '{"deviceId":"780fd0e9991d7d58","deviceType":"2","option":"userProfile","sessionToken":"","userId":""}', '2017-01-31 10:01:07', NULL),
(1091, 'loginModule - forgetPwd API ', 'POST', '{"deviceId":"780fd0e9991d7d58","deviceType":"2","option":"userProfile","sessionToken":"","userId":""}', '2017-01-31 10:01:07', NULL),
(1092, 'loginModule - forgetPwd API ', 'POST', '{"deviceId":"780fd0e9991d7d58","deviceType":"2","option":"userProfile","sessionToken":"","userId":""}', '2017-01-31 10:01:07', NULL),
(1093, 'usersModule - login API ', 'POST', '{"deviceId":"b96dc678e0d292e8","deviceType":"2","option":"login","email":"a@a.com","password":"qwerty"}', '2017-01-31 12:01:13', NULL),
(1094, 'loginModule - forgetPwd API ', 'POST', '{"deviceId":"b96dc678e0d292e8","deviceType":"2","option":"userExtraDetails","phoneNumber":"1234567890","country":"USA"}', '2017-01-31 12:01:13', NULL),
(1095, 'usersModule - login API ', 'POST', '{"deviceId":"b96dc678e0d292e8","deviceType":"2","option":"imageCount","sessionToken":"353dnktlpnhtxkqddajajxvxrpxgxxoxozd401","userId":"2"}', '2017-01-31 12:01:13', 2),
(1096, 'usersModule - login API ', 'POST', '{"option":"mediaPlayer","deviceId":"b96dc678e0d292e8","deviceType":"2","sessionToken":"353dnktlpnhtxkqddajajxvxrpxgxxoxozd401","userId":"2","orderId":"","count":"1"}', '2017-01-31 12:01:14', 2),
(1097, 'usersModule - login API ', 'POST', '{"deviceId":"b96dc678e0d292e8","deviceType":"2","option":"imageCount","sessionToken":"353dnktlpnhtxkqddajajxvxrpxgxxoxozd401","userId":"2"}', '2017-01-31 12:01:14', 2),
(1098, 'usersModule - login API ', 'POST', '{"deviceId":"b96dc678e0d292e8","deviceType":"2","option":"imageCount","sessionToken":"353dnktlpnhtxkqddajajxvxrpxgxxoxozd401","userId":"2"}', '2017-01-31 12:01:14', 2),
(1099, 'usersModule - login API ', 'POST', '{"deviceId":"b96dc678e0d292e8","deviceType":"2","option":"imageCount","sessionToken":"353dnktlpnhtxkqddajajxvxrpxgxxoxozd401","userId":"2"}', '2017-01-31 12:01:14', 2),
(1100, 'usersModule - login API ', 'POST', '{"deviceId":"b96dc678e0d292e8","deviceType":"2","option":"imageCount","sessionToken":"353dnktlpnhtxkqddajajxvxrpxgxxoxozd401","userId":"2"}', '2017-01-31 12:01:14', 2),
(1101, 'usersModule - login API ', 'POST', '{"deviceId":"b96dc678e0d292e8","deviceType":"2","option":"imageCount","sessionToken":"353dnktlpnhtxkqddajajxvxrpxgxxoxozd401","userId":"2"}', '2017-01-31 12:01:14', 2),
(1102, 'loginModule - forgetPwd API ', 'POST', '{"deviceId":"b96dc678e0d292e8","deviceType":"2","option":"userProfile","sessionToken":"353dnktlpnhtxkqddajajxvxrpxgxxoxozd401","userId":"2"}', '2017-01-31 12:01:15', 2),
(1103, 'loginModule - forgetPwd API ', 'POST', '{"deviceId":"b96dc678e0d292e8","deviceType":"2","option":"userProfile","sessionToken":"353dnktlpnhtxkqddajajxvxrpxgxxoxozd401","userId":"2"}', '2017-01-31 12:01:15', 2),
(1104, 'loginModule - forgetPwd API ', 'POST', '{"option":"updateProfile","deviceId":"b96dc678e0d292e8","deviceType":"2","sessionToken":"353dnktlpnhtxkqddajajxvxrpxgxxoxozd401","userId":"2","firstName":"Ajeet","lastName":"Ajeet","primaryAddress":"agxhdhd","secondaryAddress":"ahchcy","city":"ahcfh","state":"axgdhf","postalcode":"agxgf","country":"USA","transactionPin":"0","billingAddressLabel":"1","billingAddressPrimary":"agxdghc","billingAddressSecondary":"ahfdfgx","billingCity":"ahfhxvx","billingState":"agxfxbc","billingPostalCode":"agfhvnv","billingCountry":"USA","securityPin":"aaaa","securityPinVerify":"aaaa","secondaryEmail":"a@a.com","securityQuestion1":"What is your pet name","answer1":"test","securityQuestion2":"What is your first mobile number","answer2":"as","phoneNumber":"0"}', '2017-01-31 12:01:17', 2),
(1105, 'loginModule - forgetPwd API ', 'POST', '{"deviceId":"b96dc678e0d292e8","deviceType":"2","option":"userProfile","sessionToken":"353dnktlpnhtxkqddajajxvxrpxgxxoxozd401","userId":"2"}', '2017-01-31 12:01:17', 2),
(1106, 'usersModule - login API ', 'POST', '{"deviceId":"b96dc678e0d292e8","deviceType":"2","option":"plansDetails","sessionToken":"353dnktlpnhtxkqddajajxvxrpxgxxoxozd401"}', '2017-01-31 12:01:18', NULL),
(1107, 'usersModule - login API ', 'POST', '{"deviceId":"b96dc678e0d292e8","deviceType":"2","option":"userCardList","sessionToken":"353dnktlpnhtxkqddajajxvxrpxgxxoxozd401","userId":"2"}', '2017-01-31 12:01:18', 2),
(1108, 'usersModule - login API ', 'POST', '{"deviceId":"b96dc678e0d292e8","deviceType":"2","option":"userCardList","sessionToken":"353dnktlpnhtxkqddajajxvxrpxgxxoxozd401","userId":"2"}', '2017-01-31 12:01:18', 2),
(1109, 'usersModule - login API ', 'POST', '{"deviceId":"b96dc678e0d292e8","deviceType":"2","option":"paymenttostripe","sessionToken":"353dnktlpnhtxkqddajajxvxrpxgxxoxozd401","userId":"2","stripeToken":"tok_19i0atBZMRlMI3U4WCFVVa87","planId":"1","amount":"321","currency":"USD","description":"desc","tokenType":0}', '2017-01-31 12:01:18', 2);
INSERT INTO `store_posts` (`id`, `module_name`, `type_of_request`, `request_content`, `created_on`, `created_by`) VALUES
(1110, 'usersModule - login API ', 'POST', '{"deviceId":"b96dc678e0d292e8","deviceType":"2","option":"paymenttostripe","sessionToken":"353dnktlpnhtxkqddajajxvxrpxgxxoxozd401","userId":"2","stripeToken":"tok_19i0bkBZMRlMI3U4W9oObSsT","planId":"1","amount":"321","currency":"USD","description":"desc","tokenType":0}', '2017-01-31 12:01:19', 2),
(1111, 'usersModule - login API ', 'POST', '{"deviceId":"b96dc678e0d292e8","deviceType":"2","option":"imageCount","sessionToken":"353dnktlpnhtxkqddajajxvxrpxgxxoxozd401","userId":"2"}', '2017-01-31 12:01:20', 2),
(1112, 'usersModule - login API ', 'POST', '{"deviceId":"b96dc678e0d292e8","deviceType":"2","option":"userCardList","sessionToken":"353dnktlpnhtxkqddajajxvxrpxgxxoxozd401","userId":"2"}', '2017-01-31 12:01:20', 2),
(1113, 'usersModule - login API ', 'POST', '{"deviceId":"b96dc678e0d292e8","deviceType":"2","option":"userCardList","sessionToken":"353dnktlpnhtxkqddajajxvxrpxgxxoxozd401","userId":"2"}', '2017-01-31 12:01:20', 2),
(1114, 'usersModule - login API ', 'POST', '{"deviceId":"b96dc678e0d292e8","deviceType":"2","option":"userCardList","sessionToken":"353dnktlpnhtxkqddajajxvxrpxgxxoxozd401","userId":"2"}', '2017-01-31 12:01:20', 2),
(1115, 'usersModule - login API ', 'POST', '{"deviceId":"b96dc678e0d292e8","deviceType":"2","option":"userCardList","sessionToken":"353dnktlpnhtxkqddajajxvxrpxgxxoxozd401","userId":"2"}', '2017-01-31 12:01:20', 2),
(1116, 'usersModule - login API ', 'POST', '{"deviceId":"b96dc678e0d292e8","deviceType":"2","option":"plansDetails","sessionToken":"353dnktlpnhtxkqddajajxvxrpxgxxoxozd401"}', '2017-01-31 12:01:20', NULL),
(1117, 'usersModule - login API ', 'POST', '{"deviceId":"b96dc678e0d292e8","deviceType":"2","option":"userCardList","sessionToken":"353dnktlpnhtxkqddajajxvxrpxgxxoxozd401","userId":"2"}', '2017-01-31 12:01:20', 2),
(1118, 'usersModule - login API ', 'POST', '{"deviceId":"b96dc678e0d292e8","deviceType":"2","option":"userCardList","sessionToken":"353dnktlpnhtxkqddajajxvxrpxgxxoxozd401","userId":"2"}', '2017-01-31 12:01:20', 2),
(1119, 'usersModule - login API ', 'POST', '{"deviceId":"b96dc678e0d292e8","deviceType":"2","option":"paymenttostripe","sessionToken":"353dnktlpnhtxkqddajajxvxrpxgxxoxozd401","userId":"2","stripeToken":"tok_19i0d7BZMRlMI3U4dJPF49Xp","planId":"1","amount":"321","currency":"USD","description":"desc","tokenType":0}', '2017-01-31 12:01:21', 2),
(1120, 'usersModule - login API ', 'POST', '{"deviceId":"b96dc678e0d292e8","deviceType":"2","option":"userCardList","sessionToken":"353dnktlpnhtxkqddajajxvxrpxgxxoxozd401","userId":"2"}', '2017-01-31 12:01:21', 2),
(1121, 'usersModule - login API ', 'POST', '{"deviceId":"b96dc678e0d292e8","deviceType":"2","option":"userCardList","sessionToken":"353dnktlpnhtxkqddajajxvxrpxgxxoxozd401","userId":"2"}', '2017-01-31 12:01:21', 2),
(1122, 'usersModule - login API ', 'POST', '{"deviceId":"b96dc678e0d292e8","deviceType":"2","option":"imageCount","sessionToken":"353dnktlpnhtxkqddajajxvxrpxgxxoxozd401","userId":"2"}', '2017-01-31 12:01:21', 2),
(1123, 'usersModule - login API ', 'POST', '{"sessionToken":"313fcwvaprmcziijmvjhmwabqnegihebpwp400","option":"imageCount","deviceType":"2","deviceId":"dabb60d0add032b5","userId":"5"}', '2017-01-31 01:01:29', 5),
(1124, 'usersModule - login API ', 'POST', '{"sessionToken":"313fcwvaprmcziijmvjhmwabqnegihebpwp400","option":"userCardList","deviceType":"2","deviceId":"dabb60d0add032b5","userId":"5"}', '2017-01-31 01:01:29', 5),
(1125, 'usersModule - login API ', 'POST', '{"sessionToken":"313fcwvaprmcziijmvjhmwabqnegihebpwp400","option":"userCardList","deviceType":"2","deviceId":"dabb60d0add032b5","userId":"5"}', '2017-01-31 01:01:29', 5),
(1126, 'loginModule - forgetPwd API ', 'POST', '{"sessionToken":"313fcwvaprmcziijmvjhmwabqnegihebpwp400","option":"userProfile","deviceType":"2","deviceId":"dabb60d0add032b5","userId":"5"}', '2017-01-31 01:01:29', 5),
(1127, 'loginModule - forgetPwd API ', 'POST', '{"sessionToken":"313fcwvaprmcziijmvjhmwabqnegihebpwp400","option":"userProfile","deviceType":"2","deviceId":"dabb60d0add032b5","userId":"5"}', '2017-01-31 01:01:29', 5),
(1128, 'usersModule - login API ', 'POST', '{"sessionToken":"313fcwvaprmcziijmvjhmwabqnegihebpwp400","option":"imageCount","deviceType":"2","deviceId":"dabb60d0add032b5","userId":"5"}', '2017-01-31 01:01:29', 5),
(1129, 'usersModule - login API ', 'POST', '{"sessionToken":"313fcwvaprmcziijmvjhmwabqnegihebpwp400","option":"plansDetails","deviceType":"2","deviceId":"dabb60d0add032b5"}', '2017-01-31 01:01:30', NULL),
(1130, 'usersModule - login API ', 'POST', '{"sessionToken":"313fcwvaprmcziijmvjhmwabqnegihebpwp400","option":"imageCount","deviceType":"2","deviceId":"dabb60d0add032b5","userId":"5"}', '2017-01-31 01:01:30', 5),
(1131, 'usersModule - login API ', 'POST', '{"sessionToken":"313fcwvaprmcziijmvjhmwabqnegihebpwp400","option":"imageCount","deviceType":"2","deviceId":"dabb60d0add032b5","userId":"5"}', '2017-01-31 01:01:30', 5),
(1132, 'usersModule - login API ', 'POST', '{"sessionToken":"313fcwvaprmcziijmvjhmwabqnegihebpwp400","option":"userCardList","deviceType":"2","deviceId":"dabb60d0add032b5","userId":"5"}', '2017-01-31 01:01:31', 5),
(1133, 'usersModule - login API ', 'POST', '{"sessionToken":"313fcwvaprmcziijmvjhmwabqnegihebpwp400","option":"userCardList","deviceType":"2","deviceId":"dabb60d0add032b5","userId":"5"}', '2017-01-31 01:01:31', 5),
(1134, 'usersModule - login API ', 'POST', '{"sessionToken":"313fcwvaprmcziijmvjhmwabqnegihebpwp400","option":"userCardList","deviceType":"2","deviceId":"dabb60d0add032b5","userId":"5"}', '2017-01-31 01:01:31', 5),
(1135, 'usersModule - login API ', 'POST', '{"sessionToken":"313fcwvaprmcziijmvjhmwabqnegihebpwp400","option":"userCardList","deviceType":"2","deviceId":"dabb60d0add032b5","userId":"5"}', '2017-01-31 01:01:32', 5),
(1136, 'usersModule - login API ', 'POST', '{"sessionToken":"313fcwvaprmcziijmvjhmwabqnegihebpwp400","cardToken":"tok_19i1k1BZMRlMI3U42hX7oaDK","option":"userCardDetails","deviceType":"2","deviceId":"dabb60d0add032b5","userId":"5"}', '2017-01-31 01:01:32', 5),
(1137, 'usersModule - login API ', 'POST', '{"sessionToken":"313fcwvaprmcziijmvjhmwabqnegihebpwp400","option":"userCardList","deviceType":"2","deviceId":"dabb60d0add032b5","userId":"5"}', '2017-01-31 01:01:32', 5),
(1138, 'usersModule - login API ', 'POST', '{"sessionToken":"313fcwvaprmcziijmvjhmwabqnegihebpwp400","cardToken":"tok_19i1kSBZMRlMI3U46KYJsdsq","option":"userCardDetails","deviceType":"2","deviceId":"dabb60d0add032b5","userId":"5"}', '2017-01-31 01:01:32', 5),
(1139, 'usersModule - login API ', 'POST', '{"sessionToken":"313fcwvaprmcziijmvjhmwabqnegihebpwp400","option":"userCardList","deviceType":"2","deviceId":"dabb60d0add032b5","userId":"5"}', '2017-01-31 01:01:32', 5),
(1140, 'usersModule - login API ', 'POST', '{"sessionToken":"313fcwvaprmcziijmvjhmwabqnegihebpwp400","option":"userCardList","deviceType":"2","deviceId":"dabb60d0add032b5","userId":"5"}', '2017-01-31 01:01:33', 5),
(1141, 'usersModule - login API ', 'POST', '{"sessionToken":"313fcwvaprmcziijmvjhmwabqnegihebpwp400","option":"plansDetails","deviceType":"2","deviceId":"dabb60d0add032b5"}', '2017-01-31 01:01:33', NULL),
(1142, 'usersModule - login API ', 'POST', '{"sessionToken":"313fcwvaprmcziijmvjhmwabqnegihebpwp400","option":"userCardList","deviceType":"2","deviceId":"dabb60d0add032b5","userId":"5"}', '2017-01-31 01:01:33', 5),
(1143, 'usersModule - login API ', 'POST', '{"sessionToken":"313fcwvaprmcziijmvjhmwabqnegihebpwp400","option":"userCardList","deviceType":"2","deviceId":"dabb60d0add032b5","userId":"5"}', '2017-01-31 01:01:34', 5),
(1144, 'usersModule - login API ', 'POST', '{"sessionToken":"313fcwvaprmcziijmvjhmwabqnegihebpwp400","option":"userCardList","deviceType":"2","deviceId":"dabb60d0add032b5","userId":"5"}', '2017-01-31 01:01:34', 5),
(1145, 'usersModule - login API ', 'POST', '{"sessionToken":"313fcwvaprmcziijmvjhmwabqnegihebpwp400","option":"userCardList","deviceType":"2","deviceId":"dabb60d0add032b5","userId":"5"}', '2017-01-31 01:01:34', 5),
(1146, 'usersModule - login API ', 'POST', '{"sessionToken":"313fcwvaprmcziijmvjhmwabqnegihebpwp400","option":"imageCount","deviceType":"2","deviceId":"dabb60d0add032b5","userId":"5"}', '2017-01-31 01:01:34', 5),
(1147, 'usersModule - login API ', 'POST', '{"sessionToken":"313fcwvaprmcziijmvjhmwabqnegihebpwp400","option":"plansDetails","deviceType":"2","deviceId":"dabb60d0add032b5"}', '2017-01-31 01:01:34', NULL),
(1148, 'usersModule - login API ', 'POST', '{"sessionToken":"313fcwvaprmcziijmvjhmwabqnegihebpwp400","option":"userCardList","deviceType":"2","deviceId":"dabb60d0add032b5","userId":"5"}', '2017-01-31 01:01:34', 5),
(1149, 'usersModule - login API ', 'POST', '{"deviceId":"780fd0e9991d7d58","deviceType":"2","option":"login","email":"new@new.com","password":"new"}', '2017-02-01 04:02:36', NULL),
(1150, 'loginModule - forgetPwd API ', 'POST', '{"deviceId":"780fd0e9991d7d58","deviceType":"2","option":"userExtraDetails","phoneNumber":"7889996555444","country":"USA"}', '2017-02-01 04:02:37', NULL),
(1151, 'usersModule - login API ', 'POST', '{"deviceId":"780fd0e9991d7d58","deviceType":"2","option":"imageCount","sessionToken":"114tkposrualaasgtdlzcevqaqaolpxjefs331","userId":"6"}', '2017-02-01 04:02:37', 6),
(1152, 'loginModule - forgetPwd API ', 'POST', '{"deviceId":"780fd0e9991d7d58","deviceType":"2","option":"userProfile","sessionToken":"114tkposrualaasgtdlzcevqaqaolpxjefs331","userId":"6"}', '2017-02-01 04:02:37', 6),
(1153, 'loginModule - forgetPwd API ', 'POST', '{"deviceId":"780fd0e9991d7d58","deviceType":"2","option":"userProfile","sessionToken":"114tkposrualaasgtdlzcevqaqaolpxjefs331","userId":"6"}', '2017-02-01 04:02:37', 6),
(1154, 'usersModule - login API ', 'POST', '{"deviceId":"780fd0e9991d7d58","deviceType":"2","option":"imageCount","sessionToken":"114tkposrualaasgtdlzcevqaqaolpxjefs331","userId":"6"}', '2017-02-01 04:02:55', 6),
(1155, 'usersModule - login API ', 'POST', '{"deviceId":"780fd0e9991d7d58","deviceType":"2","option":"userCardList","sessionToken":"114tkposrualaasgtdlzcevqaqaolpxjefs331","userId":"6"}', '2017-02-01 04:02:55', 6),
(1156, 'usersModule - login API ', 'POST', '{"deviceId":"780fd0e9991d7d58","deviceType":"2","option":"userCardList","sessionToken":"114tkposrualaasgtdlzcevqaqaolpxjefs331","userId":"6"}', '2017-02-01 04:02:55', 6),
(1157, 'usersModule - login API ', 'POST', '{"deviceId":"b96dc678e0d292e8","deviceType":"2","option":"login","email":"a@a.com","password":"qwerty"}', '2017-02-01 04:02:57', NULL),
(1158, 'loginModule - forgetPwd API ', 'POST', '{"deviceId":"b96dc678e0d292e8","deviceType":"2","option":"userExtraDetails","phoneNumber":"1234567890","country":"USA"}', '2017-02-01 04:02:57', NULL),
(1159, 'usersModule - login API ', 'POST', '{"deviceId":"b96dc678e0d292e8","deviceType":"2","option":"imageCount","sessionToken":"488rlddadkbuarqzwyggglkbsbanatnupsd315","userId":"2"}', '2017-02-01 04:02:57', 2),
(1160, 'usersModule - login API ', 'POST', '{"deviceId":"b96dc678e0d292e8","deviceType":"2","option":"userCardList","sessionToken":"488rlddadkbuarqzwyggglkbsbanatnupsd315","userId":"2"}', '2017-02-01 04:02:58', 2),
(1161, 'usersModule - login API ', 'POST', '{"deviceId":"b96dc678e0d292e8","deviceType":"2","option":"userCardList","sessionToken":"488rlddadkbuarqzwyggglkbsbanatnupsd315","userId":"2"}', '2017-02-01 04:02:58', 2),
(1162, 'usersModule - login API ', 'POST', '{"deviceId":"b96dc678e0d292e8","deviceType":"2","option":"userCardDetails","sessionToken":"488rlddadkbuarqzwyggglkbsbanatnupsd315","userId":"2","cardToken":"tok_19iGCPBZMRlMI3U4umd5E9zW"}', '2017-02-01 04:02:58', 2),
(1163, 'usersModule - login API ', 'POST', '{"deviceId":"b96dc678e0d292e8","deviceType":"2","option":"userCardList","sessionToken":"488rlddadkbuarqzwyggglkbsbanatnupsd315","userId":"2"}', '2017-02-01 04:02:58', 2),
(1164, 'usersModule - login API ', 'POST', '{"deviceId":"b96dc678e0d292e8","deviceType":"2","option":"imageCount","sessionToken":"488rlddadkbuarqzwyggglkbsbanatnupsd315","userId":"2"}', '2017-02-01 04:02:58', 2),
(1165, 'usersModule - login API ', 'POST', '{"deviceId":"b96dc678e0d292e8","deviceType":"2","option":"plansDetails","sessionToken":"488rlddadkbuarqzwyggglkbsbanatnupsd315"}', '2017-02-01 04:02:59', NULL),
(1166, 'usersModule - login API ', 'POST', '{"deviceId":"b96dc678e0d292e8","deviceType":"2","option":"imageCount","sessionToken":"488rlddadkbuarqzwyggglkbsbanatnupsd315","userId":"2"}', '2017-02-01 04:02:59', 2),
(1167, 'usersModule - login API ', 'POST', '{"deviceId":"b96dc678e0d292e8","deviceType":"2","option":"imageCount","sessionToken":"488rlddadkbuarqzwyggglkbsbanatnupsd315","userId":"2"}', '2017-02-01 04:02:59', 2),
(1168, 'usersModule - login API ', 'POST', '{"deviceId":"b96dc678e0d292e8","deviceType":"2","option":"userCardList","sessionToken":"488rlddadkbuarqzwyggglkbsbanatnupsd315","userId":"2"}', '2017-02-01 04:02:59', 2),
(1169, 'usersModule - login API ', 'POST', '{"deviceId":"b96dc678e0d292e8","deviceType":"2","option":"userCardList","sessionToken":"488rlddadkbuarqzwyggglkbsbanatnupsd315","userId":"2"}', '2017-02-01 04:02:59', 2),
(1170, 'usersModule - login API ', 'POST', '{"deviceId":"b96dc678e0d292e8","deviceType":"2","option":"imageCount","sessionToken":"488rlddadkbuarqzwyggglkbsbanatnupsd315","userId":"2"}', '2017-02-01 05:02:01', 2),
(1171, 'loginModule - forgetPwd API ', 'POST', '{"deviceId":"b96dc678e0d292e8","deviceType":"2","option":"userProfile","sessionToken":"488rlddadkbuarqzwyggglkbsbanatnupsd315","userId":"2"}', '2017-02-01 05:02:02', 2),
(1172, 'loginModule - forgetPwd API ', 'POST', '{"deviceId":"b96dc678e0d292e8","deviceType":"2","option":"userProfile","sessionToken":"488rlddadkbuarqzwyggglkbsbanatnupsd315","userId":"2"}', '2017-02-01 05:02:02', 2),
(1173, 'usersModule - login API ', 'POST', '{"deviceId":"b96dc678e0d292e8","deviceType":"2","option":"userCardList","sessionToken":"488rlddadkbuarqzwyggglkbsbanatnupsd315","userId":"2"}', '2017-02-01 05:02:02', 2),
(1174, 'usersModule - login API ', 'POST', '{"deviceId":"b96dc678e0d292e8","deviceType":"2","option":"userCardList","sessionToken":"488rlddadkbuarqzwyggglkbsbanatnupsd315","userId":"2"}', '2017-02-01 05:02:02', 2),
(1175, 'usersModule - login API ', 'POST', '{"deviceId":"b96dc678e0d292e8","deviceType":"2","option":"userCardList","sessionToken":"488rlddadkbuarqzwyggglkbsbanatnupsd315","userId":"2"}', '2017-02-01 05:02:03', 2),
(1176, 'usersModule - login API ', 'POST', '{"deviceId":"b96dc678e0d292e8","deviceType":"2","option":"userCardList","sessionToken":"488rlddadkbuarqzwyggglkbsbanatnupsd315","userId":"2"}', '2017-02-01 05:02:03', 2),
(1177, 'usersModule - login API ', 'POST', '{"deviceId":"b96dc678e0d292e8","deviceType":"2","option":"userCardList","sessionToken":"488rlddadkbuarqzwyggglkbsbanatnupsd315","userId":"2"}', '2017-02-01 05:02:05', 2),
(1178, 'usersModule - login API ', 'POST', '{"deviceId":"b96dc678e0d292e8","deviceType":"2","option":"userCardList","sessionToken":"488rlddadkbuarqzwyggglkbsbanatnupsd315","userId":"2"}', '2017-02-01 05:02:05', 2),
(1179, 'usersModule - login API ', 'POST', '{"deviceId":"b96dc678e0d292e8","deviceType":"2","option":"userCardList","sessionToken":"488rlddadkbuarqzwyggglkbsbanatnupsd315","userId":"2"}', '2017-02-01 05:02:06', 2),
(1180, 'usersModule - login API ', 'POST', '{"deviceId":"b96dc678e0d292e8","deviceType":"2","option":"userCardList","sessionToken":"488rlddadkbuarqzwyggglkbsbanatnupsd315","userId":"2"}', '2017-02-01 05:02:06', 2),
(1181, 'usersModule - login API ', 'POST', '{"deviceId":"b96dc678e0d292e8","deviceType":"2","option":"userCardList","sessionToken":"488rlddadkbuarqzwyggglkbsbanatnupsd315","userId":"2"}', '2017-02-01 05:02:06', 2),
(1182, 'usersModule - login API ', 'POST', '{"deviceId":"b96dc678e0d292e8","deviceType":"2","option":"userCardList","sessionToken":"488rlddadkbuarqzwyggglkbsbanatnupsd315","userId":"2"}', '2017-02-01 05:02:06', 2),
(1183, 'usersModule - login API ', 'POST', '{"deviceId":"b96dc678e0d292e8","deviceType":"2","option":"imageCount","sessionToken":"488rlddadkbuarqzwyggglkbsbanatnupsd315","userId":"2"}', '2017-02-01 05:02:15', 2),
(1184, 'usersModule - login API ', 'POST', '{"deviceId":"780fd0e9991d7d58","deviceType":"2","option":"imageCount","sessionToken":"114tkposrualaasgtdlzcevqaqaolpxjefs331","userId":"6"}', '2017-02-01 05:02:20', 6),
(1185, 'usersModule - login API ', 'POST', '{"deviceId":"780fd0e9991d7d58","deviceType":"2","option":"userCardList","sessionToken":"114tkposrualaasgtdlzcevqaqaolpxjefs331","userId":"6"}', '2017-02-01 05:02:20', 6),
(1186, 'usersModule - login API ', 'POST', '{"deviceId":"780fd0e9991d7d58","deviceType":"2","option":"userCardList","sessionToken":"114tkposrualaasgtdlzcevqaqaolpxjefs331","userId":"6"}', '2017-02-01 05:02:20', 6),
(1187, 'usersModule - login API ', 'POST', '{"deviceId":"780fd0e9991d7d58","deviceType":"2","option":"imageCount","sessionToken":"114tkposrualaasgtdlzcevqaqaolpxjefs331","userId":"6"}', '2017-02-01 05:02:22', 6),
(1188, 'usersModule - login API ', 'POST', '{"deviceId":"780fd0e9991d7d58","deviceType":"2","option":"userCardList","sessionToken":"114tkposrualaasgtdlzcevqaqaolpxjefs331","userId":"6"}', '2017-02-01 05:02:22', 6),
(1189, 'usersModule - login API ', 'POST', '{"deviceId":"780fd0e9991d7d58","deviceType":"2","option":"userCardList","sessionToken":"114tkposrualaasgtdlzcevqaqaolpxjefs331","userId":"6"}', '2017-02-01 05:02:22', 6),
(1190, 'usersModule - login API ', 'POST', '{"deviceId":"780fd0e9991d7d58","deviceType":"2","option":"imageCount","sessionToken":"114tkposrualaasgtdlzcevqaqaolpxjefs331","userId":"6"}', '2017-02-01 05:02:22', 6),
(1191, 'usersModule - login API ', 'POST', '{"deviceId":"780fd0e9991d7d58","deviceType":"2","option":"userCardList","sessionToken":"114tkposrualaasgtdlzcevqaqaolpxjefs331","userId":"6"}', '2017-02-01 05:02:22', 6),
(1192, 'usersModule - login API ', 'POST', '{"deviceId":"780fd0e9991d7d58","deviceType":"2","option":"userCardList","sessionToken":"114tkposrualaasgtdlzcevqaqaolpxjefs331","userId":"6"}', '2017-02-01 05:02:22', 6),
(1193, 'usersModule - login API ', 'POST', '{"deviceId":"780fd0e9991d7d58","deviceType":"2","option":"imageCount","sessionToken":"114tkposrualaasgtdlzcevqaqaolpxjefs331","userId":"6"}', '2017-02-01 05:02:26', 6),
(1194, 'usersModule - login API ', 'POST', '{"deviceId":"780fd0e9991d7d58","deviceType":"2","option":"userCardList","sessionToken":"114tkposrualaasgtdlzcevqaqaolpxjefs331","userId":"6"}', '2017-02-01 05:02:26', 6),
(1195, 'usersModule - login API ', 'POST', '{"deviceId":"780fd0e9991d7d58","deviceType":"2","option":"userCardList","sessionToken":"114tkposrualaasgtdlzcevqaqaolpxjefs331","userId":"6"}', '2017-02-01 05:02:26', 6),
(1196, 'usersModule - login API ', 'POST', '{"deviceId":"1","deviceType":"1","option":"userCardList","sessionToken":"607idjuqewmscikjtdwfnzarhwccfayrrzn460","userId":"2"}', '2017-02-01 11:02:02', 2),
(1197, 'usersModule - login API ', 'POST', '{"sessionToken":"607idjuqewmscikjtdwfnzarhwccfayrrzn460","deviceId":"1","deviceType":"1","userId":"2","option":"defaultCardDetails","cardId":"card_19iGCPBZMRlMI3U4XVdg3Vrf"}', '2017-02-01 11:02:07', 2),
(1198, 'usersModule - login API ', 'POST', '{"sessionToken":"607idjuqewmscikjtdwfnzarhwccfayrrzn460","deviceId":"1","deviceType":"1","userId":"2","option":"defaultCardDetails","cardId":"card_19iGCPBZMRlMI3U4XVdg3Vrf"}', '2017-02-01 11:02:21', 2),
(1199, 'usersModule - login API ', 'POST', '{"sessionToken":"607idjuqewmscikjtdwfnzarhwccfayrrzn460","deviceId":"1","deviceType":"1","userId":"2","option":"defaultCardDetails","cardId":"card_19iGCPBZMRlMI3U4XVdg3Vrf"}', '2017-02-01 11:02:22', 2),
(1200, 'usersModule - login API ', 'POST', '{"sessionToken":"607idjuqewmscikjtdwfnzarhwccfayrrzn460","deviceId":"1","deviceType":"1","userId":"2","option":"defaultCardDetails","cardId":"card_19iGCPBZMRlMI3U4XVdg3Vrf"}', '2017-02-01 11:02:24', 2),
(1201, 'usersModule - login API ', 'POST', '{"sessionToken":"607idjuqewmscikjtdwfnzarhwccfayrrzn460","deviceId":"1","deviceType":"1","userId":"2","option":"defaultCardDetails","cardId":"card_19iGCPBZMRlMI3U4XVdg3Vrf"}', '2017-02-01 11:02:24', 2),
(1202, 'usersModule - login API ', 'POST', '{"sessionToken":"607idjuqewmscikjtdwfnzarhwccfayrrzn460","deviceId":"1","deviceType":"1","userId":"2","option":"defaultCardDetails","cardId":"card_19iGCPBZMRlMI3U4XVdg3Vrf"}', '2017-02-01 11:02:25', 2),
(1203, 'usersModule - login API ', 'POST', '{"sessionToken":"607idjuqewmscikjtdwfnzarhwccfayrrzn460","deviceId":"1","deviceType":"1","userId":"2","option":"defaultCardDetails","cardId":"card_19iGCPBZMRlMI3U4XVdg3Vrf"}', '2017-02-01 11:02:33', 2),
(1204, 'usersModule - login API ', 'POST', '{"sessionToken":"607idjuqewmscikjtdwfnzarhwccfayrrzn460","deviceId":"1","deviceType":"1","userId":"2","option":"defaultCardDetails","cardId":"card_19iGCPBZMRlMI3U4XVdg3Vrf"}', '2017-02-01 11:02:33', 2),
(1205, 'usersModule - login API ', 'POST', '{"sessionToken":"607idjuqewmscikjtdwfnzarhwccfayrrzn460","deviceId":"1","deviceType":"1","userId":"2","option":"defaultCardDetails","cardId":"card_19iGCPBZMRlMI3U4XVdg3Vrf"}', '2017-02-01 11:02:34', 2),
(1206, 'usersModule - login API ', 'POST', '{"sessionToken":"607idjuqewmscikjtdwfnzarhwccfayrrzn460","deviceId":"1","deviceType":"1","userId":"2","option":"defaultCardDetails","cardId":"card_19iGCPBZMRlMI3U4XVdg3Vrf"}', '2017-02-01 11:02:34', 2),
(1207, 'usersModule - login API ', 'POST', '{"sessionToken":"607idjuqewmscikjtdwfnzarhwccfayrrzn460","deviceId":"1","deviceType":"1","userId":"2","option":"defaultCardDetails","cardId":"card_19iGCPBZMRlMI3U4XVdg3Vrf"}', '2017-02-01 11:02:35', 2),
(1208, 'usersModule - login API ', 'POST', '{"deviceId":"1","deviceType":"1","option":"userCardList","sessionToken":"607idjuqewmscikjtdwfnzarhwccfayrrzn460","userId":"2"}', '2017-02-01 11:02:36', 2),
(1209, 'usersModule - login API ', 'POST', '{"sessionToken":"607idjuqewmscikjtdwfnzarhwccfayrrzn460","deviceId":"1","deviceType":"1","userId":"2","option":"defaultCardDetails","cardId":"card_19iGCPBZMRlMI3U4XVdg3Vrf"}', '2017-02-01 11:02:36', 2),
(1210, 'usersModule - login API ', 'POST', '{"sessionToken":"607idjuqewmscikjtdwfnzarhwccfayrrzn460","deviceId":"1","deviceType":"1","userId":"2","option":"defaultCardDetails","cardId":"card_19iGCPBZMRlMI3U4XVdg3Vrf"}', '2017-02-01 12:02:03', 2),
(1211, 'usersModule - login API ', 'POST', '{"sessionToken":"607idjuqewmscikjtdwfnzarhwccfayrrzn460","deviceId":"1","deviceType":"1","userId":"2","option":"defaultCardDetails","cardId":"card_19iGCPBZMRlMI3U4XVdg3Vrf"}', '2017-02-01 12:02:07', 2),
(1212, 'usersModule - login API ', 'POST', '{"sessionToken":"607idjuqewmscikjtdwfnzarhwccfayrrzn460","deviceId":"1","deviceType":"1","userId":"2","option":"defaultCardDetails","cardId":"card_19iGCPBZMRlMI3U4XVdg3Vrf"}', '2017-02-01 12:02:09', 2),
(1213, 'usersModule - login API ', 'POST', '{"sessionToken":"607idjuqewmscikjtdwfnzarhwccfayrrzn460","deviceId":"1","deviceType":"1","userId":"2","option":"defaultCardDetails","cardId":"card_19iGCPBZMRlMI3U4XVdg3Vrf"}', '2017-02-01 12:02:10', 2),
(1214, 'usersModule - login API ', 'POST', '{"sessionToken":"607idjuqewmscikjtdwfnzarhwccfayrrzn460","deviceId":"1","deviceType":"1","userId":"2","option":"defaultCardDetails","cardId":"card_19iGCPBZMRlMI3U4XVdg3Vrf"}', '2017-02-01 12:02:11', 2),
(1215, 'usersModule - login API ', 'POST', '{"sessionToken":"607idjuqewmscikjtdwfnzarhwccfayrrzn460","deviceId":"1","deviceType":"1","userId":"2","option":"defaultCardDetails","cardId":"card_19iGCPBZMRlMI3U4XVdg3Vrf"}', '2017-02-01 12:02:12', 2),
(1216, 'usersModule - login API ', 'POST', '{"sessionToken":"607idjuqewmscikjtdwfnzarhwccfayrrzn460","deviceId":"1","deviceType":"1","userId":"2","option":"defaultCardDetails","cardId":"card_19iGCPBZMRlMI3U4XVdg3Vrf"}', '2017-02-01 12:02:13', 2),
(1217, 'usersModule - login API ', 'POST', '{"deviceId":"1","deviceType":"1","option":"userCardList","sessionToken":"607idjuqewmscikjtdwfnzarhwccfayrrzn460","userId":"2"}', '2017-02-01 12:02:13', 2),
(1218, 'usersModule - login API ', 'POST', '{"sessionToken":"607idjuqewmscikjtdwfnzarhwccfayrrzn460","deviceId":"1","deviceType":"1","userId":"2","option":"defaultCardDetails","cardId":"card_19iGCPBZMRlMI3U4XVdg3Vrf"}', '2017-02-01 12:02:33', 2),
(1219, 'usersModule - login API ', 'POST', '{"sessionToken":"607idjuqewmscikjtdwfnzarhwccfayrrzn460","deviceId":"1","deviceType":"1","userId":"2","option":"defaultCardDetails","cardId":"card_19iGCPBZMRlMI3U4XVdg3Vrf"}', '2017-02-01 12:02:34', 2),
(1220, 'usersModule - login API ', 'POST', '{"sessionToken":"607idjuqewmscikjtdwfnzarhwccfayrrzn460","deviceId":"1","deviceType":"1","userId":"2","option":"defaultCardDetails","cardId":"card_19iGCPBZMRlMI3U4XVdg3Vrf"}', '2017-02-01 12:02:36', 2),
(1221, 'usersModule - login API ', 'POST', '{"sessionToken":"607idjuqewmscikjtdwfnzarhwccfayrrzn460","deviceId":"1","deviceType":"1","userId":"2","option":"defaultCardDetails","cardId":"card_19iGCPBZMRlMI3U4XVdg3Vrf"}', '2017-02-01 12:02:36', 2),
(1222, 'usersModule - login API ', 'POST', '{"sessionToken":"607idjuqewmscikjtdwfnzarhwccfayrrzn460","deviceId":"1","deviceType":"1","userId":"2","option":"defaultCardDetails","cardId":"card_19iGCPBZMRlMI3U4XVdg3Vrf"}', '2017-02-01 12:02:37', 2),
(1223, 'usersModule - login API ', 'POST', '{"sessionToken":"607idjuqewmscikjtdwfnzarhwccfayrrzn460","deviceId":"1","deviceType":"1","userId":"2","option":"defaultCardDetails","cardId":"card_19iGCPBZMRlMI3U4XVdg3Vrf"}', '2017-02-01 12:02:40', 2),
(1224, 'usersModule - login API ', 'POST', '{"sessionToken":"607idjuqewmscikjtdwfnzarhwccfayrrzn460","deviceId":"1","deviceType":"1","userId":"2","option":"defaultCardDetails","cardId":"card_19iGCPBZMRlMI3U4XVdg3Vrf"}', '2017-02-01 02:02:12', 2),
(1225, 'usersModule - login API ', 'POST', '{"sessionToken":"607idjuqewmscikjtdwfnzarhwccfayrrzn460","deviceId":"1","deviceType":"1","userId":"2","option":"defaultCardDetails","cardId":"card_19iGCPBZMRlMI3U4XVdg3Vrf"}', '2017-02-01 02:02:13', 2),
(1226, 'usersModule - login API ', 'POST', '{"sessionToken":"607idjuqewmscikjtdwfnzarhwccfayrrzn460","deviceId":"1","deviceType":"1","userId":"2","option":"defaultCardDetails","cardId":"card_19iGCPBZMRlMI3U4XVdg3Vrf"}', '2017-02-01 02:02:13', 2),
(1227, 'usersModule - login API ', 'POST', '{"sessionToken":"607idjuqewmscikjtdwfnzarhwccfayrrzn460","deviceId":"1","deviceType":"1","userId":"2","option":"defaultCardDetails","cardId":"card_19iGCPBZMRlMI3U4XVdg3Vrf"}', '2017-02-01 02:02:17', 2),
(1228, 'usersModule - login API ', 'POST', '{"sessionToken":"607idjuqewmscikjtdwfnzarhwccfayrrzn460","deviceId":"1","deviceType":"1","userId":"2","option":"defaultCardDetails","cardId":"card_19iGCPBZMRlMI3U4XVdg3Vrf"}', '2017-02-01 02:02:20', 2),
(1229, 'usersModule - login API ', 'POST', '{"sessionToken":"607idjuqewmscikjtdwfnzarhwccfayrrzn460","deviceId":"1","deviceType":"1","userId":"2","option":"defaultCardDetails","cardId":"card_19iGCPBZMRlMI3U4XVdg3Vrf"}', '2017-02-01 02:02:21', 2),
(1230, 'usersModule - login API ', 'POST', '{"sessionToken":"607idjuqewmscikjtdwfnzarhwccfayrrzn460","deviceId":"1","deviceType":"1","userId":"2","option":"defaultCardDetails","cardId":"card_19iGCPBZMRlMI3U4XVdg3Vrf"}', '2017-02-01 02:02:22', 2),
(1231, 'usersModule - login API ', 'POST', '{"sessionToken":"607idjuqewmscikjtdwfnzarhwccfayrrzn460","deviceId":"1","deviceType":"1","userId":"2","option":"defaultCardDetails","cardId":"card_19i0atBZMRlMI3U42su1mqju"}', '2017-02-01 02:02:23', 2),
(1232, 'usersModule - login API ', 'POST', '{"sessionToken":"607idjuqewmscikjtdwfnzarhwccfayrrzn460","deviceId":"1","deviceType":"1","userId":"2","option":"defaultCardDetails","cardId":"card_19i0atBZMRlMI3U42su1mqju"}', '2017-02-01 02:02:26', 2),
(1233, 'usersModule - login API ', 'POST', '{"sessionToken":"607idjuqewmscikjtdwfnzarhwccfayrrzn460","deviceId":"1","deviceType":"1","userId":"2","option":"defaultCardDetails","cardId":"card_19i0atBZMRlMI3U42su1mqju"}', '2017-02-01 02:02:27', 2),
(1234, 'usersModule - login API ', 'POST', '{"sessionToken":"607idjuqewmscikjtdwfnzarhwccfayrrzn460","deviceId":"1","deviceType":"1","userId":"2","option":"defaultCardDetails","cardId":"card_19iGCPBZMRlMI3U4XVdg3Vrf"}', '2017-02-01 02:02:27', 2),
(1235, 'usersModule - login API ', 'POST', '{"sessionToken":"607idjuqewmscikjtdwfnzarhwccfayrrzn460","deviceId":"1","deviceType":"1","userId":"2","option":"defaultCardDetails","cardId":"card_19i0atBZMRlMI3U42su1mqju"}', '2017-02-01 02:02:27', 2),
(1236, 'usersModule - login API ', 'POST', '{"deviceId":"1","deviceType":"1","option":"userCardList","sessionToken":"520deripmnufnnnkcrszmmqfwltovtccqdk148","userId":"2"}', '2017-02-01 06:02:22', 2),
(1237, 'usersModule - login API ', 'POST', '{"deviceId":"1","deviceType":"1","email":"a@a.com","password":"qwerty","option":"login"}', '2017-02-01 06:02:30', NULL),
(1238, 'usersModule - login API ', 'POST', '{"sessionToken":"578breowsiwbocihlobsahtcnwgxbetyqqj229","userId":"2","option":"userPurchasePlanList","deviceId":"1","deviceType":"1"}', '2017-02-01 06:02:31', 2),
(1239, 'usersModule - login API ', 'POST', '{"deviceId":"1","deviceType":"1","email":"a@a.com","password":"qwerty","option":"login"}', '2017-02-01 06:02:51', NULL),
(1240, 'usersModule - login API ', 'POST', '{"sessionToken":"605vggcckjopccmqkldgytmtunnreuydnqh349","userId":"2","option":"userPurchasePlanList","deviceId":"1","deviceType":"1"}', '2017-02-01 06:02:51', 2),
(1241, 'usersModule - login API ', 'POST', '{"sessionToken":"605vggcckjopccmqkldgytmtunnreuydnqh349","userId":"2","option":"userPurchasePlanList","deviceId":"1","deviceType":"1"}', '2017-02-01 06:02:51', 2),
(1242, 'usersModule - login API ', 'POST', '{"sessionToken":"605vggcckjopccmqkldgytmtunnreuydnqh349","userId":"2","option":"userPurchasePlanList","deviceId":"1","deviceType":"1"}', '2017-02-01 06:02:51', 2),
(1243, 'usersModule - login API ', 'POST', '{"deviceId":"1","deviceType":"1","email":"a@a.com","password":"qwerty","option":"login"}', '2017-02-03 05:02:15', NULL),
(1244, 'usersModule - login API ', 'POST', '{"sessionToken":"274fipxkpjsxktfjuiumwwpbmzuwhtdoxmb558","userId":"2","option":"userPurchasePlanList","deviceId":"1","deviceType":"1"}', '2017-02-03 05:02:16', 2),
(1245, 'usersModule - login API ', 'POST', '{"deviceId":"1","deviceType":"1","email":"a@a.com","password":"qwerty","option":"login"}', '2017-02-03 05:02:24', NULL),
(1246, 'usersModule - login API ', 'POST', '{"deviceId":"1","deviceType":"1","email":"a@a.com","password":"qwerty","option":"login"}', '2017-02-03 05:02:28', NULL),
(1247, 'usersModule - login API ', 'POST', '{"sessionToken":"571wlgxlvllvidhhucswggouxmvwiljmfsu280","userId":"2","option":"userPurchasePlanList","deviceId":"1","deviceType":"1"}', '2017-02-03 05:02:29', 2),
(1248, 'usersModule - login API ', 'POST', '{"sessionToken":"571wlgxlvllvidhhucswggouxmvwiljmfsu280","userId":"2","option":"userPurchasePlanList","deviceId":"1","deviceType":"1"}', '2017-02-03 05:02:31', 2),
(1249, 'usersModule - login API ', 'POST', '{"sessionToken":"571wlgxlvllvidhhucswggouxmvwiljmfsu280","userId":"2","option":"userPurchasePlanList","deviceId":"1","deviceType":"1"}', '2017-02-03 05:02:32', 2),
(1250, 'usersModule - login API ', 'POST', '{"sessionToken":"571wlgxlvllvidhhucswggouxmvwiljmfsu280","userId":"2","option":"userPurchasePlanList","deviceId":"1","deviceType":"1"}', '2017-02-03 05:02:34', 2),
(1251, 'usersModule - login API ', 'POST', '{"sessionToken":"571wlgxlvllvidhhucswggouxmvwiljmfsu280","userId":"3","option":"userPurchasePlanList","deviceId":"1","deviceType":"1"}', '2017-02-03 05:02:36', 3),
(1252, 'usersModule - login API ', 'POST', '{"sessionToken":"571wlgxlvllvidhhucswggouxmvwiljmfsu280","userId":"2","option":"userPurchasePlanList","deviceId":"1","deviceType":"1"}', '2017-02-03 05:02:36', 2),
(1253, 'usersModule - login API ', 'POST', '{"sessionToken":"571wlgxlvllvidhhucswggouxmvwiljmfsu280","userId":"3","option":"userPurchasePlanList","deviceId":"1","deviceType":"1"}', '2017-02-03 05:02:36', 3),
(1254, 'loginModule - forgetPwd API ', 'POST', '{"sessionToken":"484wvyogysxtkviwvlbvljfaicdprgppwpq268","deviceId":"1","deviceType":"1","userId":"2","option":"userExtraDetails","phoneNumber":"9990490969","country":"USA"}', '2017-02-03 05:02:44', 2),
(1255, 'loginModule - forgetPwd API ', 'POST', '{"sessionToken":"484wvyogysxtkviwvlbvljfaicdprgppwpq268","deviceId":"1","deviceType":"1","userId":"2","option":"userExtraDetails","phoneNumber":"9990490969","country":"USA"}', '2017-02-03 05:02:44', 2),
(1256, 'loginModule - forgetPwd API ', 'POST', '{"sessionToken":"484wvyogysxtkviwvlbvljfaicdprgppwpq268","deviceId":"1","deviceType":"1","userId":"2","option":"userExtraDetails","phoneNumber":"9990490969","country":"USA"}', '2017-02-03 05:02:46', 2),
(1257, 'loginModule - forgetPwd API ', 'POST', '{"sessionToken":"484wvyogysxtkviwvlbvljfaicdprgppwpq268","deviceId":"1","deviceType":"1","userId":"2","option":"userExtraDetails","phoneNumber":"9990490969","country":"USA"}', '2017-02-03 05:02:46', 2),
(1258, 'loginModule - forgetPwd API ', 'POST', '{"sessionToken":"484wvyogysxtkviwvlbvljfaicdprgppwpq268","deviceId":"1","deviceType":"1","userId":"2","option":"userExtraDetails","phoneNumber":"9990490969","country":"USA"}', '2017-02-03 05:02:47', 2),
(1259, 'usersModule - login API ', 'POST', '{"deviceId":"1","deviceType":"1","email":"a@a.com","password":"qwerty","option":"login"}', '2017-02-03 05:02:50', NULL),
(1260, 'loginModule - forgetPwd API ', 'POST', '{"sessionToken":"352whvxnupggcwsrgelzjczeqnccchriytg376","deviceId":"1","deviceType":"1","userId":"2","option":"userExtraDetails","phoneNumber":"9990490969","country":"USA"}', '2017-02-03 05:02:50', 2),
(1261, 'loginModule - forgetPwd API ', 'POST', '{"sessionToken":"352whvxnupggcwsrgelzjczeqnccchriytg376","deviceId":"1","deviceType":"1","userId":"2","option":"userExtraDetails","phoneNumber":"9990490969","country":"USA"}', '2017-02-03 05:02:50', 2),
(1262, 'loginModule - forgetPwd API ', 'POST', '{"sessionToken":"352whvxnupggcwsrgelzjczeqnccchriytg376","deviceId":"1","deviceType":"1","userId":"2","option":"userExtraDetails","phoneNumber":"9990490969","country":"USA"}', '2017-02-03 05:02:50', 2),
(1263, 'loginModule - forgetPwd API ', 'POST', '{"sessionToken":"352whvxnupggcwsrgelzjczeqnccchriytg376","deviceId":"1","deviceType":"1","userId":"2","option":"userExtraDetails","phoneNumber":"9990490969","country":"USA"}', '2017-02-03 05:02:50', 2),
(1264, 'loginModule - forgetPwd API ', 'POST', '{"sessionToken":"352whvxnupggcwsrgelzjczeqnccchriytg376","deviceId":"1","deviceType":"1","userId":"2","option":"userExtraDetails","phoneNumber":"9990490969","country":"USA"}', '2017-02-03 05:02:50', 2),
(1265, 'loginModule - forgetPwd API ', 'POST', '{"sessionToken":"352whvxnupggcwsrgelzjczeqnccchriytg376","deviceId":"1","deviceType":"1","userId":"2","option":"userExtraDetails","phoneNumber":"9990490969","country":"USA"}', '2017-02-03 05:02:50', 2),
(1266, 'loginModule - forgetPwd API ', 'POST', '{"sessionToken":"352whvxnupggcwsrgelzjczeqnccchriytg376","deviceId":"1","deviceType":"1","userId":"2","option":"userExtraDetails","phoneNumber":"9990490969","country":"USA"}', '2017-02-03 05:02:51', 2),
(1267, 'loginModule - forgetPwd API ', 'POST', '{"sessionToken":"352whvxnupggcwsrgelzjczeqnccchriytg376","deviceId":"1","deviceType":"1","userId":"2","option":"userExtraDetails","phoneNumber":"9990490969","country":"USA"}', '2017-02-03 05:02:51', 2),
(1268, 'usersModule - login API ', 'POST', '{"sessionToken":"352whvxnupggcwsrgelzjczeqnccchriytg376","deviceId":"1","deviceType":"1","option":"imageCount","userId":"2"}', '2017-02-03 05:02:56', 2),
(1269, 'usersModule - login API ', 'POST', '{"deviceId":"1","deviceType":"1","email":"a@a.com","password":"qwerty","option":"login"}', '2017-02-04 12:02:42', NULL),
(1270, 'loginModule - forgetPwd API ', 'POST', '{"deviceId":"82d4ce811483dfd8c4e3266d586324eda147a3832203b979a7e248b413c48247","sessionToken":"530ejdgytjijvfpjssndebbcxvrssdczmzs168","userId":"2","deviceType":"1","email":"ankita@mailinator.com","option":"forgetPwd"}', '2017-02-04 12:02:42', 2),
(1271, 'loginModule - forgetPwd API ', 'POST', '{"deviceId":"82d4ce811483dfd8c4e3266d586324eda147a3832203b979a7e248b413c48247","sessionToken":"530ejdgytjijvfpjssndebbcxvrssdczmzs168","userId":"2","deviceType":"1","email":"a@a.com","option":"forgetPwd"}', '2017-02-04 12:02:42', 2),
(1272, 'loginModule - forgetPwd API ', 'POST', '{"deviceId":"82d4ce811483dfd8c4e3266d586324eda147a3832203b979a7e248b413c48247","sessionToken":"530ejdgytjijvfpjssndebbcxvrssdczmzs168","userId":"2","deviceType":"1","email":"a@a.com","option":"forgetPwd"}', '2017-02-04 12:02:43', 2),
(1273, 'loginModule - forgetPwd API ', 'POST', '{"deviceId":"1","deviceType":"1","email":"pix@mailinator.com","option":"forgetPwd"}', '2017-02-04 12:02:50', NULL),
(1274, 'loginModule - forgetPwd API ', 'POST', '{"deviceId":"1","deviceType":"1","email":"pix@mailinator.com","option":"forgetPwd"}', '2017-02-04 12:02:51', NULL),
(1275, 'loginModule - forgetPwd API ', 'POST', '{"deviceId":"1","deviceType":"1","email":"ankita@mailinator.com","option":"forgetPwd"}', '2017-02-04 12:02:52', NULL),
(1276, 'loginModule - forgetPwd API ', 'POST', '{"deviceId":"1","deviceType":"1","email":"ankita@mailinator.com","option":"forgetPwd"}', '2017-02-04 12:02:52', NULL),
(1277, 'loginModule - forgetPwd API ', 'POST', '{"deviceId":"1","deviceType":"1","email":"ankita@mailinator.com","option":"forgetPwd"}', '2017-02-04 12:02:52', NULL),
(1278, 'usersModule - login API ', 'POST', '{"deviceId":"1","deviceType":"1","email":"pix@mailinator.com","password":"123456","option":"login"}', '2017-02-04 02:02:08', NULL),
(1279, 'usersModule - login API ', 'POST', '{"deviceId":"1","deviceType":"1","email":"a@a.com","password":"123456","option":"login"}', '2017-02-04 02:02:08', NULL),
(1280, 'usersModule - login API ', 'POST', '{"deviceId":"1","deviceType":"1","email":"ankita@mailinator.com","password":"123456","option":"login"}', '2017-02-04 02:02:08', NULL),
(1281, 'usersModule - login API ', 'POST', '{"deviceId":"1","deviceType":"1","email":"a@mailinator.com","password":"123456","option":"login"}', '2017-02-04 02:02:08', NULL),
(1282, 'usersModule - login API ', 'POST', '{"deviceId":"1","deviceType":"1","email":"a@mailinator.com","password":"qwerty","option":"login"}', '2017-02-04 02:02:08', NULL),
(1283, 'usersModule - login API ', 'POST', '{"deviceId":"1","deviceType":"1","email":"a@mailinator.com","password":"a","option":"login"}', '2017-02-04 02:02:08', NULL),
(1284, 'usersModule - login API ', 'POST', '{"deviceId":"1","deviceType":"1","email":"a@mailinator.com","password":"123456","option":"login"}', '2017-02-04 02:02:08', NULL),
(1285, 'usersModule - login API ', 'POST', '{"deviceId":"1","deviceType":"1","email":"ankita@mailinator.com","password":"qwerty","option":"login"}', '2017-02-04 02:02:11', NULL),
(1286, 'loginModule - forgetPwd API ', 'POST', '{"deviceId":"1","deviceType":"1","password":"qwerty","password2":"qwerty","option":"resetPassword","userId":"2","sessionToken":"524hcsuavzqqnipirigqzuqjmehxcytqsaq158"}', '2017-02-04 02:02:11', 2),
(1287, 'loginModule - forgetPwd API ', 'POST', '{"deviceId":"1","deviceType":"1","password":"qwerty","password2":"qwerty","option":"resetPassword","userId":"3","sessionToken":"524hcsuavzqqnipirigqzuqjmehxcytqsaq158"}', '2017-02-04 02:02:13', 3),
(1288, 'loginModule - forgetPwd API ', 'POST', '{"deviceId":"1","deviceType":"1","password":"qwerty","password2":"qwertysdsd","option":"resetPassword","userId":"2","sessionToken":"524hcsuavzqqnipirigqzuqjmehxcytqsaq158"}', '2017-02-04 02:02:13', 2),
(1289, 'loginModule - forgetPwd API ', 'POST', '{"deviceId":"1","deviceType":"1","password":"qwerty","password2":"qwerty","option":"resetPassword","userId":"2","sessionToken":"524hcsuavzqqnipirigqzuqjmehxcytqsaq158"}', '2017-02-04 02:02:13', 2),
(1290, 'loginModule - forgetPwd API ', 'POST', '{"deviceId":"1","deviceType":"1","password":"1234567","password2":"1234567","option":"resetPassword","userId":"2","sessionToken":"524hcsuavzqqnipirigqzuqjmehxcytqsaq158"}', '2017-02-04 02:02:13', 2),
(1291, 'usersModule - login API ', 'POST', '{"deviceId":"1","deviceType":"1","email":"ankita@mailinator.com","password":"qwerty","option":"login"}', '2017-02-04 02:02:13', NULL),
(1292, 'usersModule - login API ', 'POST', '{"deviceId":"1","deviceType":"1","email":"ankita@mailinator.com","password":"1234567","option":"login"}', '2017-02-04 02:02:13', NULL),
(1293, 'loginModule - forgetPwd API ', 'POST', '{"deviceId":"1","deviceType":"1","email":"ankita@mailinator.com","option":"forgetPwd"}', '2017-02-04 05:02:21', NULL),
(1294, 'loginModule - forgetPwd API ', 'POST', '{"deviceId":"1","deviceType":"1","email":"new@new.com","option":"forgetPwd"}', '2017-02-04 05:02:34', NULL),
(1295, 'loginModule - forgetPwd API ', 'POST', '{"email":"a@a.com","deviceId":"1","option":"forgetPwd","deviceType":"1"}', '2017-02-04 05:02:35', NULL),
(1296, 'loginModule - forgetPwd API ', 'POST', '{"email":"a@a.com","deviceId":"1","option":"forgetPwd","deviceType":"1"}', '2017-02-04 05:02:36', NULL);

-- --------------------------------------------------------

--
-- Table structure for table `user`
--

CREATE TABLE IF NOT EXISTS `user` (
`id` int(11) NOT NULL,
  `customer_id` varchar(255) CHARACTER SET utf8mb4 DEFAULT NULL,
  `email` varchar(255) CHARACTER SET utf8mb4 NOT NULL,
  `password` varchar(255) CHARACTER SET utf8mb4 NOT NULL,
  `encode_password` varchar(255) CHARACTER SET utf8mb4 NOT NULL,
  `salt` varchar(100) CHARACTER SET utf8mb4 NOT NULL,
  `algo` varchar(100) CHARACTER SET utf8mb4 NOT NULL,
  `user_type` int(1) DEFAULT '0' COMMENT '0-User, 1-Super Admin',
  `status` int(1) NOT NULL,
  `created_by` bigint(20) NOT NULL,
  `created_on` varchar(255) CHARACTER SET utf8mb4 NOT NULL
) ENGINE=InnoDB AUTO_INCREMENT=7 DEFAULT CHARSET=latin1;

--
-- Dumping data for table `user`
--

INSERT INTO `user` (`id`, `customer_id`, `email`, `password`, `encode_password`, `salt`, `algo`, `user_type`, `status`, `created_by`, `created_on`) VALUES
(1, NULL, 'admin@mailinator.com', '685fbdccbe6d932ee843f9cebb798cfdbe4978c4', 'MTIzNDU2', '73a98292364873b499d4ed79d4b11b41f9ebde97.jpg', 'firstPwdAlgo', 1, 1, 0, '1485348157'),
(2, 'cus_A24kjvV5grWa17', 'ankita@mailinator.com', '5fe7ba2f2fff7a6d8ecf44cbd5ca2542e471974e', 'MTIzNDU2Nw==', '73a98292364873b499d4ed79d4b11b41f9ebde97.jpg', 'firstPwdAlgo', 0, 1, 0, '1485348709'),
(3, NULL, '', '5aee917004c013880a1ca89d69c1808bd7f1bcf8', 'cXdlcnR5', '73a98292364873b499d4ed79d4b11b41f9ebde97.jpg', 'firstPwdAlgo', 0, 1, 0, '1485360196'),
(4, NULL, 'dilip@gmail.com', '779a38c297d1264c3e915853f61e4173732d0049', 'ZGlsaXA=', '73a98292364873b499d4ed79d4b11b41f9ebde97.jpg', 'firstPwdAlgo', 0, 1, 0, '1485360400'),
(5, 'cus_A25vn0sg9tVmaJ', 'digvijay@inclusosol.com', '685fbdccbe6d932ee843f9cebb798cfdbe4978c4', 'MTIzNDU2', '73a98292364873b499d4ed79d4b11b41f9ebde97.jpg', 'firstPwdAlgo', 0, 1, 0, '1485372457'),
(6, 'cus_A0wzui80RCo9tM', 'new@new.com', 'c4c10c3155ab3d5c144e0fc03fc71fb69bcc9680', 'bmV3', '73a98292364873b499d4ed79d4b11b41f9ebde97.jpg', 'firstPwdAlgo', 0, 1, 0, '1485605293');

-- --------------------------------------------------------

--
-- Table structure for table `user_billing_details`
--

CREATE TABLE IF NOT EXISTS `user_billing_details` (
`id` int(11) NOT NULL,
  `user_id` int(11) NOT NULL,
  `billing_address_label` varchar(100) NOT NULL,
  `billing_address_primary` varchar(255) NOT NULL,
  `billing_address_secondary` varchar(255) NOT NULL,
  `city` varchar(100) NOT NULL,
  `state` varchar(100) NOT NULL,
  `postal_code` varchar(10) NOT NULL,
  `country` varchar(100) NOT NULL,
  `status` int(1) NOT NULL,
  `created_by` bigint(20) NOT NULL,
  `created_on` varchar(255) NOT NULL
) ENGINE=InnoDB AUTO_INCREMENT=7 DEFAULT CHARSET=latin1;

--
-- Dumping data for table `user_billing_details`
--

INSERT INTO `user_billing_details` (`id`, `user_id`, `billing_address_label`, `billing_address_primary`, `billing_address_secondary`, `city`, `state`, `postal_code`, `country`, `status`, `created_by`, `created_on`) VALUES
(1, 1, 'rfff', 'ffdff', 'ffgrg', '3e3we3', 'dwdwdwd', 'dcefef', 'ddddd', 1, 1, '1485348157'),
(2, 2, '1', 'agxdghc', 'ahfdfgx', 'ahfhxvx', 'agxfxbc', 'agfhvnv', 'USA', 1, 2, '1485348709'),
(3, 3, '1', 'jjjjf', 'kfk', 'jjjj', 'hhh', 'gh', 'USA', 1, 3, '1485360196'),
(4, 4, '1', 'ejjd', 'jddj', 'xjx', 'djxn', 'nxjx', 'USA', 1, 4, '1485360400'),
(5, 5, '1', 'Arunima', 'Palace', 'Ghaziabad', 'Uttaranchal\n', '234434', 'Mexico', 1, 5, '1485372457'),
(6, 6, '1', 'hshs', 'xbdb', 'dhsb', 'zhbsb', 'gshs', 'Mexico', 1, 6, '1485605293');

-- --------------------------------------------------------

--
-- Table structure for table `user_card_details`
--

CREATE TABLE IF NOT EXISTS `user_card_details` (
`id` int(11) NOT NULL,
  `user_id` bigint(20) NOT NULL,
  `token_id` varchar(255) NOT NULL,
  `status` varchar(2) NOT NULL,
  `created_on` varchar(255) NOT NULL
) ENGINE=InnoDB AUTO_INCREMENT=9 DEFAULT CHARSET=latin1;

--
-- Dumping data for table `user_card_details`
--

INSERT INTO `user_card_details` (`id`, `user_id`, `token_id`, `status`, `created_on`) VALUES
(3, 2, 'tok_19gYMmBZMRlMI3U4Qxhny94m', '1', '1485518288'),
(4, 2, 'tok_19gYNBBZMRlMI3U4wiMd9p4m', '1', '1485518314'),
(5, 2, 'tok_19gYcTBZMRlMI3U4sxcD91dg', '1', '1485519261'),
(6, 2, 'tok_19gZ70BZMRlMI3U4BkRxAyc5', '1', '1485521155'),
(7, 2, 'tok_19gZGfBZMRlMI3U4qqDYYbZS', '1', '1485521753'),
(8, 2, 'tok_19gpVwBZMRlMI3U4mt13dq2B', '1', '1485584204');

-- --------------------------------------------------------

--
-- Table structure for table `user_payment_details`
--

CREATE TABLE IF NOT EXISTS `user_payment_details` (
`id` int(11) NOT NULL,
  `user_id` bigint(20) NOT NULL,
  `order_id` varchar(255) NOT NULL,
  `transaction_id` varchar(255) NOT NULL,
  `balance_transaction` varchar(255) NOT NULL,
  `amount` varchar(255) NOT NULL,
  `description` varchar(255) NOT NULL,
  `currency` varchar(100) NOT NULL,
  `status` varchar(2) NOT NULL,
  `created_on` varchar(255) NOT NULL
) ENGINE=InnoDB AUTO_INCREMENT=13 DEFAULT CHARSET=latin1;

--
-- Dumping data for table `user_payment_details`
--

INSERT INTO `user_payment_details` (`id`, `user_id`, `order_id`, `transaction_id`, `balance_transaction`, `amount`, `description`, `currency`, `status`, `created_on`) VALUES
(1, 2, '1', 'ch_19fqG7BZMRlMI3U45A67P3OE', 'txn_19fqG7BZMRlMI3U4T9MyWHzM', '321', '', 'USD', '2', '1485348739'),
(2, 5, '2', 'ch_19fwRXBZMRlMI3U4SLyGzIjq', 'txn_19fwRXBZMRlMI3U4DyFBQdEW', '1500', 'desc', 'USD', '1', '1485372511'),
(3, 6, '3', 'ch_19gvbABZMRlMI3U4X3GD1tv6', 'txn_19gvbABZMRlMI3U4Dy4IMILs', '1500', 'desc', 'USD', '1', '1485607592'),
(4, 6, '4', 'ch_19gviWBZMRlMI3U4PPBh4DPD', 'txn_19gviWBZMRlMI3U4WXl7Olw3', '1500', 'desc', 'USD', '1', '1485608048'),
(5, 6, '5', 'ch_19gvnXBZMRlMI3U4Cpr9O2Xa', 'txn_19gvnXBZMRlMI3U4k1IEwdez', '321', 'desc', 'USD', '1', '1485608359'),
(6, 6, '10', 'ch_19gw2lBZMRlMI3U4KVlNiLlU', 'txn_19gw2lBZMRlMI3U4BlcdsF1l', '1500', 'desc', 'USD', '1', '1485609303'),
(7, 6, '11', 'ch_19gw3QBZMRlMI3U4SQNPET8S', 'txn_19gw3QBZMRlMI3U4WyWQbo7S', '1500', 'desc', 'USD', '1', '1485609344'),
(8, 6, '12', 'ch_19gw3RBZMRlMI3U4HuR8eiqk', 'txn_19gw3RBZMRlMI3U4kj5VYkO9', '1500', 'desc', 'USD', '1', '1485609345'),
(9, 6, '13', 'ch_19gw44BZMRlMI3U4VKbKNPIF', 'txn_19gw44BZMRlMI3U4vuIdjniH', '2000', 'desc', 'USD', '1', '1485609384'),
(10, 6, '14', 'ch_19hXOkBZMRlMI3U4bJNfU2Vp', 'txn_19hXOlBZMRlMI3U4oNBMzbkg', '1500', 'desc', 'USD', '1', '1485752894'),
(11, 2, '18', 'ch_19i0bnBZMRlMI3U4ksQXTZsl', 'txn_19i0bnBZMRlMI3U4Ern8TVWP', '321', 'desc', 'USD', '1', '1485865179'),
(12, 2, '19', 'ch_19i0dABZMRlMI3U4WMwjvbGf', 'txn_19i0dABZMRlMI3U4h3LZEhBc', '321', 'desc', 'USD', '1', '1485865264');

-- --------------------------------------------------------

--
-- Table structure for table `user_profile`
--

CREATE TABLE IF NOT EXISTS `user_profile` (
`id` int(11) NOT NULL,
  `user_id` int(11) NOT NULL,
  `first_name` varchar(255) CHARACTER SET utf8mb4 NOT NULL,
  `last_name` varchar(255) CHARACTER SET utf8mb4 NOT NULL,
  `primary_address` varchar(255) NOT NULL,
  `secondary_address` varchar(255) NOT NULL,
  `city` varchar(100) NOT NULL,
  `state` varchar(100) NOT NULL,
  `postal_code` varchar(10) NOT NULL,
  `country` varchar(100) NOT NULL,
  `currency` varchar(10) DEFAULT NULL,
  `phone_number` bigint(20) DEFAULT NULL,
  `phone_number_verification` int(1) NOT NULL DEFAULT '0' COMMENT '0-No,1-Yes',
  `email_verification` int(1) NOT NULL DEFAULT '0' COMMENT '0-No,1-Yes',
  `url` varchar(255) CHARACTER SET utf8mb4 NOT NULL,
  `status` int(1) NOT NULL,
  `created_by` bigint(20) NOT NULL,
  `created_on` varchar(255) CHARACTER SET utf8mb4 NOT NULL
) ENGINE=InnoDB AUTO_INCREMENT=7 DEFAULT CHARSET=latin1;

--
-- Dumping data for table `user_profile`
--

INSERT INTO `user_profile` (`id`, `user_id`, `first_name`, `last_name`, `primary_address`, `secondary_address`, `city`, `state`, `postal_code`, `country`, `currency`, `phone_number`, `phone_number_verification`, `email_verification`, `url`, `status`, `created_by`, `created_on`) VALUES
(1, 1, 'System', 'Administrator', 'Delhi', 'Delhi', 'Delhi', 'Delhi', 'aa', 'MEXICO', 'MXN', 0, 0, 0, '', 1, 1, '1485348157'),
(2, 2, 'Ajeet', 'Ajeet', 'agxhdhd', 'ahchcy', 'ahcfh', 'axgdhf', 'agxgf', 'USA', 'USD', 9990490969, 0, 0, '588ce75d6a8e7.jpg', 1, 2, '1485348709'),
(3, 3, 'hhhjju', 'gg', 'gg', 'gggg', 'gg', 'gg', 'gg', 'USA', 'USD', 0, 0, 0, '5888cc449e2e5.jpg', 1, 3, '1485360196'),
(4, 4, 'djdj', 'dkkd', 'dmkd', 'dkkd', 'kdkd', 'kdkd', 'kdkd', 'USA', 'USD', 0, 0, 0, '5888d0a19cb31.jpg', 1, 4, '1485360400'),
(5, 5, 'Digvijay', 'Jain', 'Arunima Palace', 'Vasundhara', 'Ghaziabad', 'Uttaranchal ', '205432', 'Mexico', 'MXN', 0, 0, 0, '5888fc296cbca.jpg', 1, 5, '1485372457'),
(6, 6, 'dhdjd', 'jxkx', 'mxkd', 'mxkx', 'kxkx', 'xkd', 'xmkx', 'USA', 'USD', 0, 0, 0, '588c89ad587d3.jpg', 1, 6, '1485605293');

-- --------------------------------------------------------

--
-- Table structure for table `user_purchase_plan`
--

CREATE TABLE IF NOT EXISTS `user_purchase_plan` (
`id` int(11) NOT NULL,
  `plan_id` bigint(20) NOT NULL,
  `status` int(1) NOT NULL,
  `created_by` bigint(20) NOT NULL,
  `created_on` varchar(255) NOT NULL
) ENGINE=InnoDB AUTO_INCREMENT=23 DEFAULT CHARSET=latin1;

--
-- Dumping data for table `user_purchase_plan`
--

INSERT INTO `user_purchase_plan` (`id`, `plan_id`, `status`, `created_by`, `created_on`) VALUES
(1, 1, 1, 1, '1485325539'),
(2, 1, 1, 1, '1485339374'),
(3, 2, 1, 4, '1485347421'),
(4, 1, 1, 2, '1485348738'),
(5, 4, 1, 5, '1485372510'),
(6, 4, 1, 6, '1485607589'),
(7, 4, 1, 6, '1485608045'),
(8, 1, 1, 6, '1485608356'),
(9, 4, 1, 6, '1485608454'),
(10, 4, 1, 6, '1485608661'),
(11, 4, 1, 6, '1485608857'),
(12, 4, 1, 6, '1485609177'),
(13, 4, 1, 6, '1485609301'),
(14, 4, 1, 6, '1485609341'),
(15, 4, 1, 6, '1485609343'),
(16, 6, 1, 6, '1485609381'),
(17, 4, 1, 6, '1485752892'),
(18, 4, 1, 2, '1485767925'),
(19, 4, 1, 2, '1485767954'),
(20, 1, 1, 2, '1485865124'),
(21, 1, 1, 2, '1485865176'),
(22, 1, 1, 2, '1485865262');

-- --------------------------------------------------------

--
-- Table structure for table `user_recovery_details`
--

CREATE TABLE IF NOT EXISTS `user_recovery_details` (
`id` int(11) NOT NULL,
  `user_id` int(11) NOT NULL,
  `secondary_email` varchar(100) NOT NULL,
  `security_question_1` varchar(255) NOT NULL,
  `answer_1` varchar(255) NOT NULL,
  `security_question_2` varchar(255) NOT NULL,
  `answer_2` varchar(255) NOT NULL,
  `status` varchar(1) NOT NULL,
  `created_by` bigint(20) NOT NULL,
  `created_on` varchar(255) NOT NULL
) ENGINE=InnoDB AUTO_INCREMENT=7 DEFAULT CHARSET=latin1;

--
-- Dumping data for table `user_recovery_details`
--

INSERT INTO `user_recovery_details` (`id`, `user_id`, `secondary_email`, `security_question_1`, `answer_1`, `security_question_2`, `answer_2`, `status`, `created_by`, `created_on`) VALUES
(1, 1, 'aaazaaa@aa.com', 'we', 'we', 'we', 'we', '1', 1, '1485348157'),
(2, 2, 'a@a.com', 'What is your pet name', 'test', 'What is your first mobile number', 'as', '1', 2, '1485348709'),
(3, 3, 'jhhu@jj.com', 'What is your nick name', 'hhhh', 'What is your first pet name', 'jjjj', '1', 3, '1485360196'),
(4, 4, 'kddjd@jdj.com', 'What is your nick name', 'mxmx', 'What is your nick name', 'xmkx', '1', 4, '1485360400'),
(5, 5, 'jaindigvijay@gmail.com', 'What is your first pet name', 'sss', 'What is your nick name', 'aaa', '1', 5, '1485372457'),
(6, 6, 'dbdhdh@xnnx.com', 'What is your first pet name', 'nxnd', 'What is your nick name', 'mxmdmx', '1', 6, '1485605293');

-- --------------------------------------------------------

--
-- Table structure for table `user_security_details`
--

CREATE TABLE IF NOT EXISTS `user_security_details` (
`id` int(11) NOT NULL,
  `user_id` int(11) NOT NULL,
  `security_pin` varchar(50) NOT NULL,
  `security_pin_verify` varchar(50) NOT NULL,
  `transaction_pin` varchar(1) NOT NULL COMMENT '0-off , 1-on',
  `status` varchar(1) NOT NULL,
  `created_by` bigint(20) NOT NULL,
  `created_on` varchar(255) NOT NULL
) ENGINE=InnoDB AUTO_INCREMENT=7 DEFAULT CHARSET=latin1;

--
-- Dumping data for table `user_security_details`
--

INSERT INTO `user_security_details` (`id`, `user_id`, `security_pin`, `security_pin_verify`, `transaction_pin`, `status`, `created_by`, `created_on`) VALUES
(1, 1, 'aaaaa', 'aaaaa', '0', '1', 1, '1485348157'),
(2, 2, 'aaaa', 'aaaa', '0', '1', 2, '1485348709'),
(3, 3, 'll', 'll', '1', '1', 3, '1485360196'),
(4, 4, 'l', 'l', '1', '1', 4, '1485360400'),
(5, 5, '111111', '111111', '1', '1', 5, '1485372457'),
(6, 6, 'qq', 'qq', '1', '1', 6, '1485605293');

--
-- Indexes for dumped tables
--

--
-- Indexes for table `add_note`
--
ALTER TABLE `add_note`
 ADD PRIMARY KEY (`id`);

--
-- Indexes for table `add_plan`
--
ALTER TABLE `add_plan`
 ADD PRIMARY KEY (`id`);

--
-- Indexes for table `assets`
--
ALTER TABLE `assets`
 ADD PRIMARY KEY (`id`);

--
-- Indexes for table `images_order_details`
--
ALTER TABLE `images_order_details`
 ADD PRIMARY KEY (`id`);

--
-- Indexes for table `order_details`
--
ALTER TABLE `order_details`
 ADD PRIMARY KEY (`id`);

--
-- Indexes for table `session`
--
ALTER TABLE `session`
 ADD PRIMARY KEY (`id`);

--
-- Indexes for table `store_posts`
--
ALTER TABLE `store_posts`
 ADD PRIMARY KEY (`id`);

--
-- Indexes for table `user`
--
ALTER TABLE `user`
 ADD PRIMARY KEY (`id`);

--
-- Indexes for table `user_billing_details`
--
ALTER TABLE `user_billing_details`
 ADD PRIMARY KEY (`id`);

--
-- Indexes for table `user_card_details`
--
ALTER TABLE `user_card_details`
 ADD PRIMARY KEY (`id`);

--
-- Indexes for table `user_payment_details`
--
ALTER TABLE `user_payment_details`
 ADD PRIMARY KEY (`id`);

--
-- Indexes for table `user_profile`
--
ALTER TABLE `user_profile`
 ADD PRIMARY KEY (`id`);

--
-- Indexes for table `user_purchase_plan`
--
ALTER TABLE `user_purchase_plan`
 ADD PRIMARY KEY (`id`);

--
-- Indexes for table `user_recovery_details`
--
ALTER TABLE `user_recovery_details`
 ADD PRIMARY KEY (`id`);

--
-- Indexes for table `user_security_details`
--
ALTER TABLE `user_security_details`
 ADD PRIMARY KEY (`id`);

--
-- AUTO_INCREMENT for dumped tables
--

--
-- AUTO_INCREMENT for table `add_note`
--
ALTER TABLE `add_note`
MODIFY `id` int(11) NOT NULL AUTO_INCREMENT,AUTO_INCREMENT=11;
--
-- AUTO_INCREMENT for table `add_plan`
--
ALTER TABLE `add_plan`
MODIFY `id` int(11) NOT NULL AUTO_INCREMENT,AUTO_INCREMENT=7;
--
-- AUTO_INCREMENT for table `assets`
--
ALTER TABLE `assets`
MODIFY `id` int(11) NOT NULL AUTO_INCREMENT,AUTO_INCREMENT=6;
--
-- AUTO_INCREMENT for table `images_order_details`
--
ALTER TABLE `images_order_details`
MODIFY `id` int(11) NOT NULL AUTO_INCREMENT,AUTO_INCREMENT=4;
--
-- AUTO_INCREMENT for table `order_details`
--
ALTER TABLE `order_details`
MODIFY `id` int(11) NOT NULL AUTO_INCREMENT,AUTO_INCREMENT=20;
--
-- AUTO_INCREMENT for table `session`
--
ALTER TABLE `session`
MODIFY `id` int(11) NOT NULL AUTO_INCREMENT,AUTO_INCREMENT=6;
--
-- AUTO_INCREMENT for table `store_posts`
--
ALTER TABLE `store_posts`
MODIFY `id` bigint(20) NOT NULL AUTO_INCREMENT,AUTO_INCREMENT=1297;
--
-- AUTO_INCREMENT for table `user`
--
ALTER TABLE `user`
MODIFY `id` int(11) NOT NULL AUTO_INCREMENT,AUTO_INCREMENT=7;
--
-- AUTO_INCREMENT for table `user_billing_details`
--
ALTER TABLE `user_billing_details`
MODIFY `id` int(11) NOT NULL AUTO_INCREMENT,AUTO_INCREMENT=7;
--
-- AUTO_INCREMENT for table `user_card_details`
--
ALTER TABLE `user_card_details`
MODIFY `id` int(11) NOT NULL AUTO_INCREMENT,AUTO_INCREMENT=9;
--
-- AUTO_INCREMENT for table `user_payment_details`
--
ALTER TABLE `user_payment_details`
MODIFY `id` int(11) NOT NULL AUTO_INCREMENT,AUTO_INCREMENT=13;
--
-- AUTO_INCREMENT for table `user_profile`
--
ALTER TABLE `user_profile`
MODIFY `id` int(11) NOT NULL AUTO_INCREMENT,AUTO_INCREMENT=7;
--
-- AUTO_INCREMENT for table `user_purchase_plan`
--
ALTER TABLE `user_purchase_plan`
MODIFY `id` int(11) NOT NULL AUTO_INCREMENT,AUTO_INCREMENT=23;
--
-- AUTO_INCREMENT for table `user_recovery_details`
--
ALTER TABLE `user_recovery_details`
MODIFY `id` int(11) NOT NULL AUTO_INCREMENT,AUTO_INCREMENT=7;
--
-- AUTO_INCREMENT for table `user_security_details`
--
ALTER TABLE `user_security_details`
MODIFY `id` int(11) NOT NULL AUTO_INCREMENT,AUTO_INCREMENT=7;
/*!40101 SET CHARACTER_SET_CLIENT=@OLD_CHARACTER_SET_CLIENT */;
/*!40101 SET CHARACTER_SET_RESULTS=@OLD_CHARACTER_SET_RESULTS */;
/*!40101 SET COLLATION_CONNECTION=@OLD_COLLATION_CONNECTION */;
